lineup_id,match_id,player_id,team_id,is_starting_xi,tactical_position,minutes_played
1,1,1,1,0,GK,0
2,1,2,1,0,DEF,0
3,1,3,1,1,DEF,90
4,1,4,1,1,DEF,90
5,1,5,1,1,DEF,90
6,1,6,1,1,MID,90
7,1,7,1,0,MID,0
8,1,8,1,0,MID,0
9,1,9,1,0,FWD,30
10,1,10,1,0,FWD,0
11,1,11,1,1,FWD,90
12,1,12,1,0,GK,0
13,1,13,1,1,GK,90
14,1,14,1,1,FWD,90
15,1,15,1,1,DEF,90
16,1,16,1,0,FWD,30
17,1,17,1,0,MID,0
18,1,18,1,1,MID,90
19,1,19,1,1,MID,90
20,1,20,1,0,DEF,0
21,1,21,1,0,FWD,0
22,1,22,1,0,FWD,0
23,1,23,1,0,DEF,0
24,1,24,1,0,MID,0
25,1,25,1,0,FWD,30
26,1,26,1,1,MID,90
27,1,27,2,1,GK,90
28,1,28,2,0,DEF,0
29,1,29,2,0,DEF,0
30,1,30,2,1,MID,90
31,1,31,2,1,MID,90
32,1,32,2,1,DEF,90
33,1,33,2,0,FWD,0
34,1,34,2,0,FWD,0
35,1,35,2,1,FWD,90
36,1,36,2,1,FWD,90
37,1,37,2,0,MID,30
38,1,38,2,0,FWD,0
39,1,39,2,1,MID,90
40,1,40,2,1,DEF,90
41,1,41,2,0,FWD,0
42,1,42,2,0,GK,0
43,1,43,2,0,FWD,0
44,1,44,2,1,DEF,90
45,1,45,2,0,DEF,0
46,1,46,2,0,DEF,0
47,1,47,2,0,DEF,0
48,1,48,2,0,GK,0
49,1,49,2,1,MID,90
50,1,50,2,1,DEF,90
51,1,51,2,0,FWD,0
52,1,52,2,0,DEF,0
53,2,53,3,1,GK,90
54,2,54,3,1,DEF,90
55,2,55,3,0,MID,0
56,2,56,3,1,DEF,90
57,2,57,3,0,DEF,0
58,2,58,3,1,MID,90
59,2,59,3,1,FWD,90
60,2,60,3,0,MID,0
61,2,61,3,0,FWD,0
62,2,62,3,0,MID,0
63,2,63,3,1,MID,90
64,2,64,3,0,GK,0
65,2,65,3,0,DEF,0
66,2,66,3,0,DEF,0
67,2,67,3,0,DEF,0
68,2,68,3,0,DEF,0
69,2,69,3,0,MID,0
70,2,70,3,1,FWD,90
71,2,71,3,1,MID,90
72,2,72,3,1,MID,90
73,2,73,3,0,GK,0
74,2,74,3,1,DEF,90
75,2,75,3,1,DEF,90
76,2,76,3,0,MID,0
77,2,77,3,0,MID,0
78,2,78,3,0,MID,0
79,2,79,4,1,GK,90
80,2,80,4,1,DEF,90
81,2,81,4,0,DEF,0
82,2,82,4,1,DEF,90
83,2,83,4,0,DEF,30
84,2,84,4,1,DEF,90
85,2,85,4,1,DEF,90
86,2,86,4,0,MID,0
87,2,87,4,0,FWD,0
88,2,88,4,1,FWD,90
89,2,89,4,0,FWD,0
90,2,90,4,1,MID,90
91,2,91,4,0,FWD,0
92,2,92,4,0,DEF,0
93,2,93,4,1,FWD,90
94,2,94,4,0,GK,0
95,2,95,4,1,MID,90
96,2,96,4,1,MID,90
97,2,97,4,0,FWD,0
98,2,98,4,0,DEF,0
99,2,99,4,0,DEF,0
100,2,100,4,1,MID,90
101,2,101,4,0,GK,0
102,2,102,4,0,MID,0
103,2,103,4,0,MID,0
104,2,104,4,0,FWD,0
105,3,105,5,0,GK,0
106,3,106,5,1,DEF,90
107,3,107,5,1,DEF,90
108,3,108,5,0,DEF,0
109,3,109,5,0,DEF,0
110,3,110,5,0,MID,0
111,3,111,5,1,MID,90
112,3,112,5,1,MID,90
113,3,113,5,0,FWD,30
114,3,114,5,1,FWD,90
115,3,115,5,0,MID,0
116,3,116,5,0,FWD,0
117,3,117,5,0,DEF,0
118,3,118,5,1,MID,90
119,3,119,5,1,DEF,90
120,3,120,5,1,GK,90
121,3,121,5,0,FWD,0
122,3,122,5,0,GK,0
123,3,123,5,1,DEF,90
124,3,124,5,0,FWD,0
125,3,125,5,0,MID,0
126,3,126,5,0,DEF,0
127,3,127,5,0,DEF,0
128,3,128,5,1,FWD,90
129,3,129,5,1,MID,90
130,3,130,5,0,FWD,0
131,3,131,6,1,GK,90
132,3,132,6,0,DEF,0
133,3,133,6,0,DEF,0
134,3,134,6,1,DEF,90
135,3,135,6,1,DEF,90
136,3,136,6,1,MID,90
137,3,137,6,1,DEF,90
138,3,138,6,0,MID,0
139,3,139,6,0,FWD,0
140,3,140,6,1,FWD,90
141,3,141,6,0,FWD,0
142,3,142,6,0,GK,0
143,3,143,6,0,MID,0
144,3,144,6,0,MID,0
145,3,145,6,1,MID,90
146,3,146,6,1,MID,90
147,3,147,6,0,MID,0
148,3,148,6,0,DEF,0
149,3,149,6,1,FWD,90
150,3,150,6,0,FWD,0
151,3,151,6,1,DEF,90
152,3,152,6,0,GK,0
153,3,153,6,0,FWD,0
154,3,154,6,0,DEF,0
155,3,155,6,0,FWD,30
156,3,156,6,1,MID,90
157,4,313,13,1,GK,90
158,4,314,13,1,DEF,90
159,4,315,13,1,DEF,90
160,4,316,13,1,MID,90
161,4,317,13,1,DEF,90
162,4,318,13,0,DEF,0
163,4,319,13,0,MID,30
164,4,320,13,1,MID,90
165,4,321,13,0,FWD,0
166,4,322,13,1,FWD,90
167,4,323,13,0,FWD,0
168,4,324,13,0,DEF,0
169,4,325,13,0,DEF,0
170,4,326,13,1,MID,90
171,4,327,13,0,MID,0
172,4,328,13,0,DEF,30
173,4,329,13,1,MID,90
174,4,330,13,0,DEF,0
175,4,331,13,0,FWD,0
176,4,332,13,1,FWD,90
177,4,333,13,0,FWD,0
178,4,334,13,1,DEF,90
179,4,335,13,0,DEF,0
180,4,336,13,0,GK,0
181,4,337,13,0,GK,0
182,4,338,13,0,FWD,0
183,4,339,14,1,GK,90
184,4,340,14,0,DEF,0
185,4,341,14,1,DEF,90
186,4,342,14,1,DEF,90
187,4,343,14,0,DEF,0
188,4,344,14,0,DEF,0
189,4,345,14,1,MID,90
190,4,346,14,1,MID,90
191,4,347,14,0,FWD,0
192,4,348,14,1,MID,90
193,4,349,14,1,MID,90
194,4,350,14,0,GK,0
195,4,351,14,0,DEF,0
196,4,352,14,0,MID,0
197,4,353,14,1,DEF,90
198,4,354,14,0,MID,30
199,4,355,14,0,FWD,0
200,4,356,14,0,FWD,0
201,4,357,14,1,FWD,90
202,4,358,14,0,MID,0
203,4,359,14,0,FWD,0
204,4,360,14,0,GK,0
205,4,361,14,0,MID,0
206,4,362,14,0,MID,0
207,4,363,14,1,FWD,90
208,4,364,14,1,DEF,90
209,5,157,7,1,GK,90
210,5,158,7,0,DEF,0
211,5,159,7,1,DEF,90
212,5,160,7,0,DEF,0
213,5,161,7,1,DEF,90
214,5,162,7,1,MID,90
215,5,163,7,0,FWD,0
216,5,164,7,0,FWD,0
217,5,165,7,0,FWD,0
218,5,166,7,0,FWD,0
219,5,167,7,1,FWD,90
220,5,168,7,0,MID,0
221,5,169,7,1,DEF,90
222,5,170,7,1,DEF,90
223,5,171,7,0,FWD,0
224,5,172,7,0,DEF,0
225,5,173,7,1,MID,90
226,5,174,7,0,DEF,0
227,5,175,7,1,FWD,90
228,5,176,7,1,MID,90
229,5,177,7,0,GK,0
230,5,178,7,0,GK,0
231,5,179,7,1,MID,90
232,5,180,7,0,FWD,0
233,5,181,7,0,DEF,0
234,5,182,7,0,FWD,0
235,5,183,8,1,GK,90
236,5,184,8,0,DEF,30
237,5,185,8,0,DEF,0
238,5,186,8,1,DEF,90
239,5,187,8,1,DEF,90
240,5,188,8,1,MID,90
241,5,189,8,0,FWD,30
242,5,190,8,0,MID,0
243,5,191,8,1,MID,90
244,5,192,8,0,MID,0
245,5,193,8,1,FWD,90
246,5,194,8,0,GK,0
247,5,195,8,0,DEF,0
248,5,196,8,1,MID,90
249,5,197,8,0,MID,0
250,5,198,8,0,FWD,0
251,5,199,8,0,FWD,0
252,5,200,8,0,DEF,0
253,5,201,8,1,FWD,90
254,5,202,8,0,MID,0
255,5,203,8,0,GK,0
256,5,204,8,1,MID,90
257,5,205,8,0,FWD,0
258,5,206,8,1,DEF,90
259,5,207,8,1,DEF,90
260,5,208,8,0,FWD,0
261,6,209,9,1,GK,90
262,6,210,9,1,MID,90
263,6,211,9,1,DEF,90
264,6,212,9,1,DEF,90
265,6,213,9,0,MID,0
266,6,214,9,0,DEF,0
267,6,215,9,1,FWD,90
268,6,216,9,1,MID,90
269,6,217,9,1,FWD,90
270,6,218,9,0,FWD,0
271,6,219,9,0,FWD,0
272,6,220,9,0,GK,0
273,6,221,9,0,DEF,0
274,6,222,9,1,DEF,90
275,6,223,9,0,DEF,0
276,6,224,9,0,DEF,0
277,6,225,9,0,MID,0
278,6,226,9,1,MID,90
279,6,227,9,0,FWD,0
280,6,228,9,1,MID,90
281,6,229,9,0,FWD,0
282,6,230,9,0,FWD,0
283,6,231,9,0,GK,0
284,6,232,9,1,DEF,90
285,6,233,9,0,FWD,0
286,6,234,9,0,FWD,0
287,6,235,10,1,GK,90
288,6,236,10,1,DEF,90
289,6,237,10,1,DEF,90
290,6,238,10,0,MID,0
291,6,239,10,0,DEF,0
292,6,240,10,1,MID,90
293,6,241,10,1,MID,90
294,6,242,10,0,MID,0
295,6,243,10,0,FWD,0
296,6,244,10,1,FWD,90
297,6,245,10,1,MID,90
298,6,246,10,0,GK,0
299,6,247,10,1,DEF,90
300,6,248,10,0,DEF,0
301,6,249,10,0,MID,0
302,6,250,10,0,MID,0
303,6,251,10,0,FWD,0
304,6,252,10,1,DEF,90
305,6,253,10,0,DEF,0
306,6,254,10,0,FWD,0
307,6,255,10,1,FWD,90
308,6,256,10,0,GK,0
309,6,257,10,1,MID,90
310,6,258,10,0,MID,0
311,6,259,10,0,DEF,0
312,6,260,10,0,DEF,0
313,7,261,11,1,GK,90
314,7,262,11,1,DEF,90
315,7,263,11,0,DEF,0
316,7,264,11,0,DEF,0
317,7,265,11,1,DEF,90
318,7,266,11,1,MID,90
319,7,267,11,0,FWD,0
320,7,268,11,0,DEF,0
321,7,269,11,0,FWD,0
322,7,270,11,1,MID,90
323,7,271,11,0,FWD,0
324,7,272,11,0,GK,0
325,7,273,11,0,DEF,0
326,7,274,11,0,DEF,0
327,7,275,11,0,FWD,0
328,7,276,11,0,FWD,0
329,7,277,11,1,MID,90
330,7,278,11,1,FWD,90
331,7,279,11,0,FWD,0
332,7,280,11,0,FWD,0
333,7,281,11,1,FWD,90
334,7,282,11,1,DEF,90
335,7,283,11,0,GK,0
336,7,284,11,1,DEF,90
337,7,285,11,1,MID,90
338,7,286,11,0,MID,0
339,7,287,12,1,GK,90
340,7,288,12,1,DEF,90
341,7,289,12,1,DEF,90
342,7,290,12,1,MID,90
343,7,291,12,0,DEF,0
344,7,292,12,1,DEF,90
345,7,293,12,1,MID,90
346,7,294,12,0,MID,0
347,7,295,12,0,FWD,0
348,7,296,12,0,FWD,0
349,7,297,12,1,MID,90
350,7,298,12,0,GK,0
351,7,299,12,0,DEF,0
352,7,300,12,0,FWD,0
353,7,301,12,0,DEF,0
354,7,302,12,0,DEF,0
355,7,303,12,1,FWD,90
356,7,304,12,1,FWD,90
357,7,305,12,1,MID,90
358,7,306,12,0,FWD,0
359,7,307,12,0,GK,0
360,7,308,12,1,DEF,90
361,7,309,12,0,MID,0
362,7,310,12,0,DEF,0
363,7,311,12,0,FWD,0
364,7,312,12,0,DEF,0
365,8,365,15,1,GK,90
366,8,366,15,0,DEF,0
367,8,367,15,1,DEF,90
368,8,368,15,0,DEF,0
369,8,369,15,1,DEF,90
370,8,370,15,0,DEF,0
371,8,371,15,0,FWD,0
372,8,372,15,1,MID,90
373,8,373,15,0,FWD,0
374,8,374,15,0,FWD,0
375,8,375,15,0,FWD,0
376,8,376,15,0,GK,0
377,8,377,15,1,MID,90
378,8,378,15,1,MID,90
379,8,379,15,0,DEF,0
380,8,380,15,0,DEF,0
381,8,381,15,1,FWD,90
382,8,382,15,0,GK,0
383,8,383,15,1,DEF,90
384,8,384,15,1,FWD,90
385,8,385,15,0,DEF,0
386,8,386,15,0,MID,0
387,8,387,15,0,FWD,0
388,8,388,15,1,MID,90
389,8,389,15,1,DEF,90
390,8,390,15,0,FWD,0
391,8,391,16,1,GK,90
392,8,392,16,1,DEF,90
393,8,393,16,1,DEF,90
394,8,394,16,0,DEF,0
395,8,395,16,1,MID,90
396,8,396,16,1,MID,90
397,8,397,16,0,FWD,0
398,8,398,16,1,FWD,90
399,8,399,16,0,FWD,0
400,8,400,16,1,MID,90
401,8,401,16,1,FWD,90
402,8,402,16,0,GK,0
403,8,403,16,0,DEF,0
404,8,404,16,0,DEF,0
405,8,405,16,1,DEF,90
406,8,406,16,1,MID,90
407,8,407,16,0,FWD,0
408,8,408,16,0,DEF,0
409,8,409,16,0,FWD,0
410,8,410,16,1,DEF,90
411,8,411,16,0,FWD,0
412,8,412,16,0,MID,0
413,8,413,16,0,GK,0
414,8,414,16,0,FWD,0
415,8,415,16,0,DEF,0
416,8,416,16,0,FWD,0
417,9,417,17,1,GK,90
418,9,418,17,0,DEF,0
419,9,419,17,0,DEF,0
420,9,420,17,0,DEF,0
421,9,421,17,1,MID,90
422,9,422,17,1,DEF,90
423,9,423,17,1,FWD,90
424,9,424,17,0,MID,0
425,9,425,17,0,MID,0
426,9,426,17,1,MID,90
427,9,427,17,1,FWD,90
428,9,428,17,0,GK,0
429,9,429,17,0,MID,0
430,9,430,17,0,FWD,0
431,9,431,17,1,DEF,90
432,9,432,17,0,MID,0
433,9,433,17,1,MID,90
434,9,434,17,1,DEF,90
435,9,435,17,0,MID,0
436,9,436,17,0,MID,0
437,9,437,17,0,GK,0
438,9,438,17,0,DEF,0
439,9,439,17,1,MID,90
440,9,440,17,1,DEF,90
441,9,441,17,0,MID,0
442,9,442,17,0,FWD,30
443,9,443,18,1,GK,90
444,9,444,18,1,DEF,90
445,9,445,18,0,DEF,0
446,9,446,18,0,DEF,0
447,9,447,18,0,DEF,0
448,9,448,18,0,MID,0
449,9,449,18,1,MID,90
450,9,450,18,0,MID,30
451,9,451,18,1,FWD,90
452,9,452,18,1,MID,90
453,9,453,18,0,FWD,0
454,9,454,18,1,FWD,90
455,9,455,18,0,FWD,0
456,9,456,18,0,FWD,0
457,9,457,18,1,MID,90
458,9,458,18,0,FWD,0
459,9,459,18,0,FWD,0
460,9,460,18,1,DEF,90
461,9,461,18,0,FWD,0
462,9,462,18,0,DEF,0
463,9,463,18,1,MID,90
464,9,464,18,0,MID,0
465,9,465,18,1,DEF,90
466,9,466,18,1,DEF,90
467,9,467,18,0,GK,0
468,9,468,18,0,GK,0
469,10,521,21,1,GK,90
470,10,522,21,0,DEF,0
471,10,523,21,0,MID,0
472,10,524,21,0,DEF,30
473,10,525,21,0,DEF,0
474,10,526,21,1,DEF,90
475,10,527,21,1,MID,90
476,10,528,21,1,MID,90
477,10,529,21,0,FWD,0
478,10,530,21,0,FWD,0
479,10,531,21,1,FWD,90
480,10,532,21,0,DEF,0
481,10,533,21,0,GK,0
482,10,534,21,1,MID,90
483,10,535,21,1,DEF,90
484,10,536,21,0,MID,0
485,10,537,21,0,FWD,0
486,10,538,21,1,FWD,90
487,10,539,21,0,FWD,0
488,10,540,21,0,MID,0
489,10,541,21,1,MID,90
490,10,542,21,1,DEF,90
491,10,543,21,0,GK,0
492,10,544,21,0,FWD,30
493,10,545,21,1,DEF,90
494,10,546,21,0,MID,0
495,10,547,22,1,GK,90
496,10,548,22,1,DEF,90
497,10,549,22,0,DEF,0
498,10,550,22,1,DEF,90
499,10,551,22,0,DEF,0
500,10,552,22,0,FWD,0
501,10,553,22,0,MID,0
502,10,554,22,1,MID,90
503,10,555,22,1,FWD,90
504,10,556,22,1,MID,90
505,10,557,22,0,MID,0
506,10,558,22,0,GK,0
507,10,559,22,0,MID,30
508,10,560,22,0,MID,0
509,10,561,22,0,MID,30
510,10,562,22,1,DEF,90
511,10,563,22,1,MID,90
512,10,564,22,1,FWD,90
513,10,565,22,0,FWD,30
514,10,566,22,0,DEF,0
515,10,567,22,1,DEF,90
516,10,568,22,0,DEF,0
517,10,569,22,0,GK,0
518,10,570,22,1,MID,90
519,10,571,22,0,DEF,0
520,10,572,22,0,FWD,0
521,11,469,19,1,GK,90
522,11,470,19,1,DEF,90
523,11,471,19,0,DEF,0
524,11,472,19,0,MID,0
525,11,473,19,1,DEF,90
526,11,474,19,1,MID,90
527,11,475,19,0,DEF,0
528,11,476,19,1,MID,90
529,11,477,19,0,FWD,0
530,11,478,19,0,FWD,0
531,11,479,19,1,FWD,90
532,11,480,19,0,FWD,0
533,11,481,19,0,DEF,0
534,11,482,19,0,FWD,0
535,11,483,19,1,FWD,90
536,11,484,19,0,GK,0
537,11,485,19,1,DEF,90
538,11,486,19,1,MID,90
539,11,487,19,0,FWD,0
540,11,488,19,0,DEF,0
541,11,489,19,1,DEF,90
542,11,490,19,0,FWD,0
543,11,491,19,0,GK,0
544,11,492,19,0,FWD,0
545,11,493,19,0,MID,0
546,11,494,19,1,MID,90
547,11,495,20,1,GK,90
548,11,496,20,0,DEF,0
549,11,497,20,1,DEF,90
550,11,498,20,1,DEF,90
551,11,499,20,0,MID,0
552,11,500,20,1,DEF,90
553,11,501,20,1,DEF,90
554,11,502,20,0,MID,0
555,11,503,20,0,FWD,0
556,11,504,20,1,MID,90
557,11,505,20,0,FWD,0
558,11,506,20,0,GK,0
559,11,507,20,0,FWD,0
560,11,508,20,0,MID,0
561,11,509,20,1,MID,90
562,11,510,20,0,FWD,0
563,11,511,20,0,DEF,0
564,11,512,20,1,MID,90
565,11,513,20,1,FWD,90
566,11,514,20,1,FWD,90
567,11,515,20,0,MID,0
568,11,516,20,0,GK,0
569,11,517,20,1,MID,90
570,11,518,20,0,FWD,0
571,11,519,20,0,DEF,0
572,11,520,20,0,DEF,0
573,12,573,23,1,GK,90
574,12,574,23,1,DEF,90
575,12,575,23,0,DEF,0
576,12,576,23,1,DEF,90
577,12,577,23,1,DEF,90
578,12,578,23,0,DEF,0
579,12,579,23,1,MID,90
580,12,580,23,1,DEF,90
581,12,581,23,1,FWD,90
582,12,582,23,1,MID,90
583,12,583,23,0,FWD,0
584,12,584,23,0,GK,0
585,12,585,23,0,MID,0
586,12,586,23,0,DEF,0
587,12,587,23,0,DEF,0
588,12,588,23,0,MID,0
589,12,589,23,1,FWD,90
590,12,590,23,1,MID,90
591,12,591,23,1,MID,90
592,12,592,23,0,DEF,0
593,12,593,23,0,DEF,0
594,12,594,23,0,MID,0
595,12,595,23,0,GK,0
596,12,596,23,0,DEF,0
597,12,597,23,0,FWD,0
598,12,598,23,0,FWD,0
599,12,599,24,0,GK,0
600,12,600,24,1,DEF,90
601,12,601,24,1,DEF,90
602,12,602,24,0,DEF,30
603,12,603,24,1,DEF,90
604,12,604,24,0,DEF,0
605,12,605,24,1,FWD,90
606,12,606,24,1,FWD,90
607,12,607,24,0,FWD,0
608,12,608,24,1,MID,90
609,12,609,24,1,MID,90
610,12,610,24,0,DEF,0
611,12,611,24,0,MID,0
612,12,612,24,0,MID,0
613,12,613,24,0,MID,0
614,12,614,24,1,GK,90
615,12,615,24,1,MID,90
616,12,616,24,0,FWD,0
617,12,617,24,0,FWD,0
618,12,618,24,1,DEF,90
619,12,619,24,0,DEF,0
620,12,620,24,0,GK,0
621,12,621,24,0,DEF,0
622,12,622,24,0,DEF,0
623,12,623,24,0,MID,0
624,12,624,24,1,MID,90
625,13,729,29,0,GK,0
626,13,730,29,0,DEF,0
627,13,731,29,0,DEF,0
628,13,732,29,1,DEF,90
629,13,733,29,0,DEF,0
630,13,734,29,0,MID,0
631,13,735,29,0,FWD,0
632,13,736,29,0,MID,0
633,13,737,29,0,MID,0
634,13,738,29,1,FWD,90
635,13,739,29,0,FWD,0
636,13,740,29,1,DEF,90
637,13,741,29,0,GK,0
638,13,742,29,0,DEF,0
639,13,743,29,1,MID,90
640,13,744,29,1,MID,90
641,13,745,29,0,FWD,0
642,13,746,29,1,MID,90
643,13,747,29,1,FWD,90
644,13,748,29,1,MID,90
645,13,749,29,0,FWD,0
646,13,750,29,1,DEF,90
647,13,751,29,1,GK,90
648,13,752,29,1,DEF,90
649,13,753,29,0,FWD,0
650,13,754,29,0,FWD,0
651,13,755,30,1,GK,90
652,13,756,30,0,DEF,0
653,13,757,30,0,DEF,0
654,13,758,30,0,DEF,0
655,13,759,30,1,DEF,90
656,13,760,30,1,MID,90
657,13,761,30,0,MID,0
658,13,762,30,0,MID,0
659,13,763,30,1,FWD,90
660,13,764,30,0,MID,0
661,13,765,30,0,MID,0
662,13,766,30,0,GK,0
663,13,767,30,1,DEF,90
664,13,768,30,1,MID,90
665,13,769,30,0,MID,0
666,13,770,30,0,MID,0
667,13,771,30,0,MID,0
668,13,772,30,1,MID,90
669,13,773,30,1,FWD,90
670,13,774,30,0,FWD,0
671,13,775,30,0,MID,0
672,13,776,30,1,DEF,90
673,13,777,30,0,GK,0
674,13,778,30,1,DEF,90
675,13,779,30,0,DEF,0
676,13,780,30,1,MID,90
677,14,625,25,1,GK,90
678,14,626,25,1,DEF,90
679,14,627,25,0,DEF,0
680,14,628,25,0,DEF,0
681,14,629,25,1,DEF,90
682,14,630,25,0,MID,0
683,14,631,25,0,MID,0
684,14,632,25,1,MID,90
685,14,633,25,0,FWD,0
686,14,634,25,0,FWD,0
687,14,635,25,1,FWD,90
688,14,636,25,0,GK,0
689,14,637,25,0,GK,0
690,14,638,25,0,FWD,0
691,14,639,25,0,DEF,0
692,14,640,25,1,DEF,90
693,14,641,25,0,FWD,0
694,14,642,25,0,DEF,0
695,14,643,25,1,MID,90
696,14,644,25,0,MID,0
697,14,645,25,0,DEF,0
698,14,646,25,1,MID,90
699,14,647,25,0,MID,0
700,14,648,25,1,MID,90
701,14,649,25,1,DEF,90
702,14,650,25,1,FWD,90
703,14,651,26,1,GK,90
704,14,652,26,0,DEF,0
705,14,653,26,1,DEF,90
706,14,654,26,1,DEF,90
707,14,655,26,0,DEF,0
708,14,656,26,1,DEF,90
709,14,657,26,0,FWD,0
710,14,658,26,1,MID,90
711,14,659,26,0,FWD,0
712,14,660,26,1,FWD,90
713,14,661,26,0,MID,0
714,14,662,26,0,FWD,0
715,14,663,26,1,DEF,90
716,14,664,26,1,MID,90
717,14,665,26,0,DEF,0
718,14,666,26,0,GK,0
719,14,667,26,0,MID,0
720,14,668,26,0,MID,0
721,14,669,26,1,MID,90
722,14,670,26,0,FWD,0
723,14,671,26,1,MID,90
724,14,672,26,1,FWD,90
725,14,673,26,0,GK,0
726,14,674,26,0,DEF,0
727,14,675,26,0,FWD,0
728,14,676,26,0,GK,0
729,15,781,31,0,GK,0
730,15,782,31,0,DEF,0
731,15,783,31,0,DEF,0
732,15,784,31,1,DEF,90
733,15,785,31,1,DEF,90
734,15,786,31,1,MID,90
735,15,787,31,1,MID,90
736,15,788,31,0,FWD,0
737,15,789,31,1,FWD,90
738,15,790,31,1,FWD,90
739,15,791,31,0,FWD,0
740,15,792,31,1,DEF,90
741,15,793,31,0,DEF,0
742,15,794,31,0,DEF,0
743,15,795,31,0,MID,0
744,15,796,31,1,MID,90
745,15,797,31,0,FWD,0
746,15,798,31,0,MID,0
747,15,799,31,0,FWD,0
748,15,800,31,0,FWD,0
749,15,801,31,1,GK,90
750,15,802,31,0,GK,0
751,15,803,31,1,MID,90
752,15,804,31,0,DEF,0
753,15,805,31,0,DEF,0
754,15,806,31,1,DEF,90
755,15,807,32,1,GK,90
756,15,808,32,1,DEF,90
757,15,809,32,0,DEF,0
758,15,810,32,1,DEF,90
759,15,811,32,1,MID,90
760,15,812,32,0,MID,0
761,15,813,32,0,MID,0
762,15,814,32,1,MID,90
763,15,815,32,1,FWD,90
764,15,816,32,0,MID,0
765,15,817,32,0,FWD,0
766,15,818,32,0,GK,0
767,15,819,32,0,DEF,0
768,15,820,32,0,MID,0
769,15,821,32,0,MID,0
770,15,822,32,1,DEF,90
771,15,823,32,0,DEF,0
772,15,824,32,1,FWD,90
773,15,825,32,0,FWD,0
774,15,826,32,1,MID,90
775,15,827,32,0,FWD,0
776,15,828,32,0,MID,0
777,15,829,32,0,GK,0
778,15,830,32,1,DEF,90
779,15,831,32,0,MID,0
780,15,832,32,1,MID,90
781,16,677,27,1,GK,90
782,16,678,27,1,DEF,90
783,16,679,27,0,DEF,0
784,16,680,27,0,DEF,0
785,16,681,27,1,DEF,90
786,16,682,27,0,MID,0
787,16,683,27,0,MID,0
788,16,684,27,1,MID,90
789,16,685,27,0,FWD,0
790,16,686,27,1,FWD,90
791,16,687,27,0,FWD,0
792,16,688,27,0,GK,0
793,16,689,27,1,DEF,90
794,16,690,27,1,MID,90
795,16,691,27,0,MID,0
796,16,692,27,1,MID,90
797,16,693,27,1,DEF,90
798,16,694,27,1,FWD,90
799,16,695,27,0,DEF,0
800,16,696,27,0,FWD,0
801,16,697,27,1,MID,90
802,16,698,27,0,GK,0
803,16,699,27,0,DEF,30
804,16,700,27,0,FWD,0
805,16,701,27,0,DEF,0
806,16,702,27,0,MID,0
807,16,703,28,1,GK,90
808,16,704,28,0,DEF,0
809,16,705,28,1,DEF,90
810,16,706,28,1,DEF,90
811,16,707,28,0,DEF,0
812,16,708,28,1,MID,90
813,16,709,28,0,FWD,0
814,16,710,28,1,MID,90
815,16,711,28,1,FWD,90
816,16,712,28,0,MID,0
817,16,713,28,1,MID,90
818,16,714,28,0,GK,0
819,16,715,28,1,DEF,90
820,16,716,28,0,MID,0
821,16,717,28,0,DEF,0
822,16,718,28,1,DEF,90
823,16,719,28,0,FWD,0
824,16,720,28,0,FWD,0
825,16,721,28,1,MID,90
826,16,722,28,0,MID,0
827,16,723,28,1,FWD,90
828,16,724,28,0,GK,0
829,16,725,28,0,MID,0
830,16,726,28,0,DEF,0
831,16,727,28,0,MID,0
832,16,728,28,0,DEF,0
833,17,833,33,0,GK,0
834,17,834,33,0,DEF,0
835,17,835,33,0,DEF,0
836,17,836,33,1,DEF,90
837,17,837,33,1,DEF,90
838,17,838,33,1,MID,90
839,17,839,33,0,FWD,0
840,17,840,33,1,MID,90
841,17,841,33,0,FWD,0
842,17,842,33,1,FWD,90
843,17,843,33,1,FWD,90
844,17,844,33,0,FWD,30
845,17,845,33,0,MID,0
846,17,846,33,0,MID,30
847,17,847,33,0,DEF,0
848,17,848,33,1,GK,90
849,17,849,33,1,DEF,90
850,17,850,33,1,MID,90
851,17,851,33,0,DEF,0
852,17,852,33,0,FWD,0
853,17,853,33,0,DEF,0
854,17,854,33,0,FWD,0
855,17,855,33,0,GK,0
856,17,856,33,1,MID,90
857,17,857,33,0,MID,0
858,17,858,33,1,DEF,90
859,17,859,34,0,GK,0
860,17,860,34,1,DEF,90
861,17,861,34,0,DEF,0
862,17,862,34,0,DEF,0
863,17,863,34,0,MID,0
864,17,864,34,0,MID,0
865,17,865,34,0,FWD,0
866,17,866,34,1,MID,90
867,17,867,34,0,FWD,0
868,17,868,34,0,FWD,0
869,17,869,34,0,FWD,0
870,17,870,34,0,FWD,0
871,17,871,34,1,FWD,90
872,17,872,34,0,DEF,0
873,17,873,34,0,DEF,0
874,17,874,34,1,GK,90
875,17,875,34,1,MID,90
876,17,876,34,1,FWD,90
877,17,877,34,1,DEF,90
878,17,878,34,0,FWD,30
879,17,879,34,1,MID,90
880,17,880,34,0,MID,0
881,17,881,34,0,GK,0
882,17,882,34,1,DEF,90
883,17,883,34,1,DEF,90
884,17,884,34,1,MID,90
885,18,885,35,1,GK,90
886,18,886,35,0,DEF,0
887,18,887,35,0,DEF,30
888,18,888,35,1,DEF,90
889,18,889,35,1,DEF,90
890,18,890,35,0,DEF,0
891,18,891,35,0,MID,0
892,18,892,35,0,MID,0
893,18,893,35,0,FWD,0
894,18,894,35,0,FWD,0
895,18,895,35,1,FWD,90
896,18,896,35,0,GK,0
897,18,897,35,0,FWD,0
898,18,898,35,1,MID,90
899,18,899,35,1,DEF,90
900,18,900,35,1,MID,90
901,18,901,35,0,FWD,0
902,18,902,35,0,FWD,30
903,18,903,35,1,MID,90
904,18,904,35,1,MID,90
905,18,905,35,1,FWD,90
906,18,906,35,0,GK,0
907,18,907,35,1,DEF,90
908,18,908,35,0,MID,0
909,18,909,35,0,DEF,0
910,18,910,35,0,DEF,0
911,18,911,36,1,GK,90
912,18,912,36,0,MID,0
913,18,913,36,1,DEF,90
914,18,914,36,1,DEF,90
915,18,915,36,1,DEF,90
916,18,916,36,0,MID,0
917,18,917,36,0,FWD,0
918,18,918,36,1,MID,90
919,18,919,36,1,FWD,90
920,18,920,36,1,MID,90
921,18,921,36,1,FWD,90
922,18,922,36,0,GK,0
923,18,923,36,0,GK,0
924,18,924,36,0,MID,0
925,18,925,36,0,DEF,0
926,18,926,36,0,DEF,0
927,18,927,36,1,DEF,90
928,18,928,36,0,MID,0
929,18,929,36,0,MID,0
930,18,930,36,0,FWD,0
931,18,931,36,1,MID,90
932,18,932,36,1,MID,90
933,18,933,36,0,MID,0
934,18,934,36,0,DEF,0
935,18,935,36,0,DEF,0
936,18,936,36,0,FWD,0
937,19,937,37,0,GK,0
938,19,938,37,1,DEF,90
939,19,939,37,0,DEF,0
940,19,940,37,0,DEF,0
941,19,941,37,0,MID,0
942,19,942,37,1,DEF,90
943,19,943,37,0,MID,30
944,19,944,37,1,MID,90
945,19,945,37,1,FWD,90
946,19,946,37,0,FWD,30
947,19,947,37,0,MID,0
948,19,948,37,0,GK,0
949,19,949,37,1,DEF,90
950,19,950,37,1,MID,90
951,19,951,37,0,MID,30
952,19,952,37,0,FWD,0
953,19,953,37,0,FWD,0
954,19,954,37,0,FWD,0
955,19,955,37,0,DEF,0
956,19,956,37,1,MID,90
957,19,957,37,0,FWD,0
958,19,958,37,1,FWD,90
959,19,959,37,1,GK,90
960,19,960,37,1,MID,90
961,19,961,37,1,DEF,90
962,19,962,37,0,DEF,0
963,19,963,38,1,GK,90
964,19,964,38,0,DEF,0
965,19,965,38,0,DEF,0
966,19,966,38,0,DEF,0
967,19,967,38,0,DEF,0
968,19,968,38,0,MID,0
969,19,969,38,0,FWD,0
970,19,970,38,1,MID,90
971,19,971,38,1,FWD,90
972,19,972,38,1,MID,90
973,19,973,38,1,FWD,90
974,19,974,38,0,FWD,0
975,19,975,38,1,DEF,90
976,19,976,38,1,MID,90
977,19,977,38,1,DEF,90
978,19,978,38,0,GK,0
979,19,979,38,1,DEF,90
980,19,980,38,0,FWD,0
981,19,981,38,0,MID,0
982,19,982,38,0,FWD,0
983,19,983,38,1,DEF,90
984,19,984,38,1,MID,90
985,19,985,38,0,GK,0
986,19,986,38,0,MID,0
987,19,987,38,0,FWD,0
988,19,988,38,0,DEF,0
989,20,989,39,1,GK,90
990,20,990,39,1,DEF,90
991,20,991,39,1,DEF,90
992,20,992,39,0,MID,30
993,20,993,39,0,DEF,0
994,20,994,39,1,MID,90
995,20,995,39,0,FWD,30
996,20,996,39,0,DEF,0
997,20,997,39,0,MID,0
998,20,998,39,0,MID,0
999,20,999,39,0,FWD,0
1000,20,1000,39,0,GK,0
1001,20,1001,39,0,GK,0
1002,20,1002,39,1,FWD,90
1003,20,1003,39,1,DEF,90
1004,20,1004,39,0,DEF,0
1005,20,1005,39,1,MID,90
1006,20,1006,39,0,MID,30
1007,20,1007,39,0,MID,0
1008,20,1008,39,1,MID,90
1009,20,1009,39,1,FWD,90
1010,20,1010,39,0,MID,0
1011,20,1011,39,1,DEF,90
1012,20,1012,39,1,MID,90
1013,20,1013,39,0,DEF,0
1014,20,1014,39,0,MID,0
1015,20,1015,40,1,GK,90
1016,20,1016,40,1,DEF,90
1017,20,1017,40,1,DEF,90
1018,20,1018,40,0,DEF,0
1019,20,1019,40,1,DEF,90
1020,20,1020,40,0,MID,0
1021,20,1021,40,0,FWD,0
1022,20,1022,40,1,MID,90
1023,20,1023,40,0,FWD,30
1024,20,1024,40,1,FWD,90
1025,20,1025,40,1,FWD,90
1026,20,1026,40,0,GK,0
1027,20,1027,40,0,FWD,0
1028,20,1028,40,0,MID,0
1029,20,1029,40,1,MID,90
1030,20,1030,40,0,DEF,0
1031,20,1031,40,0,DEF,0
1032,20,1032,40,0,MID,0
1033,20,1033,40,1,DEF,90
1034,20,1034,40,1,MID,90
1035,20,1035,40,1,MID,90
1036,20,1036,40,0,GK,0
1037,20,1037,40,0,DEF,0
1038,20,1038,40,0,FWD,0
1039,20,1039,40,0,MID,0
1040,20,1040,40,0,DEF,0
1041,21,1041,41,1,GK,90
1042,21,1042,41,0,DEF,0
1043,21,1043,41,1,DEF,90
1044,21,1044,41,0,DEF,0
1045,21,1045,41,1,DEF,90
1046,21,1046,41,1,MID,90
1047,21,1047,41,0,FWD,0
1048,21,1048,41,1,MID,90
1049,21,1049,41,0,FWD,0
1050,21,1050,41,0,MID,0
1051,21,1051,41,0,FWD,0
1052,21,1052,41,0,GK,0
1053,21,1053,41,0,DEF,0
1054,21,1054,41,1,DEF,90
1055,21,1055,41,1,MID,90
1056,21,1056,41,0,FWD,0
1057,21,1057,41,1,FWD,90
1058,21,1058,41,1,FWD,90
1059,21,1059,41,0,FWD,0
1060,21,1060,41,0,DEF,0
1061,21,1061,41,0,MID,0
1062,21,1062,41,0,GK,0
1063,21,1063,41,1,MID,90
1064,21,1064,41,0,DEF,0
1065,21,1065,41,1,DEF,90
1066,21,1066,41,0,FWD,0
1067,21,1067,42,1,GK,90
1068,21,1068,42,1,DEF,90
1069,21,1069,42,1,DEF,90
1070,21,1070,42,1,DEF,90
1071,21,1071,42,0,DEF,0
1072,21,1072,42,1,MID,90
1073,21,1073,42,0,MID,0
1074,21,1074,42,0,MID,0
1075,21,1075,42,0,FWD,0
1076,21,1076,42,1,MID,90
1077,21,1077,42,0,FWD,0
1078,21,1078,42,0,DEF,0
1079,21,1079,42,0,FWD,0
1080,21,1080,42,1,MID,90
1081,21,1081,42,0,MID,0
1082,21,1082,42,0,GK,0
1083,21,1083,42,0,FWD,0
1084,21,1084,42,0,MID,0
1085,21,1085,42,0,FWD,0
1086,21,1086,42,1,FWD,90
1087,21,1087,42,0,GK,0
1088,21,1088,42,0,DEF,0
1089,21,1089,42,1,FWD,90
1090,21,1090,42,1,DEF,90
1091,21,1091,42,1,MID,90
1092,21,1092,42,0,DEF,30
1093,22,1145,45,1,GK,90
1094,22,1146,45,0,DEF,0
1095,22,1147,45,1,DEF,90
1096,22,1148,45,1,MID,90
1097,22,1149,45,0,DEF,0
1098,22,1150,45,1,DEF,90
1099,22,1151,45,1,FWD,90
1100,22,1152,45,1,MID,90
1101,22,1153,45,0,FWD,30
1102,22,1154,45,1,MID,90
1103,22,1155,45,0,FWD,30
1104,22,1156,45,0,DEF,0
1105,22,1157,45,0,GK,0
1106,22,1158,45,0,MID,0
1107,22,1159,45,0,DEF,0
1108,22,1160,45,0,MID,0
1109,22,1161,45,1,MID,90
1110,22,1162,45,1,FWD,90
1111,22,1163,45,0,FWD,0
1112,22,1164,45,0,FWD,0
1113,22,1165,45,0,MID,0
1114,22,1166,45,0,FWD,0
1115,22,1167,45,0,GK,0
1116,22,1168,45,1,DEF,90
1117,22,1169,45,0,DEF,0
1118,22,1170,45,1,DEF,90
1119,22,1171,46,1,GK,90
1120,22,1172,46,1,DEF,90
1121,22,1173,46,0,DEF,0
1122,22,1174,46,1,DEF,90
1123,22,1175,46,0,DEF,0
1124,22,1176,46,1,DEF,90
1125,22,1177,46,0,MID,0
1126,22,1178,46,1,MID,90
1127,22,1179,46,0,FWD,0
1128,22,1180,46,0,MID,0
1129,22,1181,46,0,FWD,0
1130,22,1182,46,0,GK,0
1131,22,1183,46,1,MID,90
1132,22,1184,46,0,FWD,30
1133,22,1185,46,0,MID,0
1134,22,1186,46,1,MID,90
1135,22,1187,46,1,MID,90
1136,22,1188,46,0,DEF,0
1137,22,1189,46,0,MID,0
1138,22,1190,46,1,FWD,90
1139,22,1191,46,0,MID,0
1140,22,1192,46,1,DEF,90
1141,22,1193,46,0,GK,0
1142,22,1194,46,0,FWD,0
1143,22,1195,46,0,DEF,0
1144,22,1196,46,1,FWD,90
1145,23,1197,47,1,GK,90
1146,23,1198,47,1,DEF,90
1147,23,1199,47,1,MID,90
1148,23,1200,47,1,DEF,90
1149,23,1201,47,0,MID,0
1150,23,1202,47,0,DEF,0
1151,23,1203,47,1,FWD,90
1152,23,1204,47,0,MID,0
1153,23,1205,47,0,FWD,0
1154,23,1206,47,0,FWD,0
1155,23,1207,47,1,MID,90
1156,23,1208,47,0,GK,0
1157,23,1209,47,0,FWD,0
1158,23,1210,47,0,DEF,0
1159,23,1211,47,1,MID,90
1160,23,1212,47,0,GK,0
1161,23,1213,47,0,DEF,0
1162,23,1214,47,1,DEF,90
1163,23,1215,47,0,FWD,0
1164,23,1216,47,1,MID,90
1165,23,1217,47,1,DEF,90
1166,23,1218,47,1,FWD,90
1167,23,1219,47,0,DEF,0
1168,23,1220,47,0,FWD,0
1169,23,1221,47,0,FWD,0
1170,23,1222,47,0,DEF,0
1171,23,1223,48,1,GK,90
1172,23,1224,48,1,DEF,90
1173,23,1225,48,1,DEF,90
1174,23,1226,48,0,DEF,0
1175,23,1227,48,0,DEF,0
1176,23,1228,48,1,MID,90
1177,23,1229,48,1,MID,90
1178,23,1230,48,1,MID,90
1179,23,1231,48,1,FWD,90
1180,23,1232,48,1,MID,90
1181,23,1233,48,0,MID,0
1182,23,1234,48,0,GK,0
1183,23,1235,48,0,DEF,0
1184,23,1236,48,0,DEF,0
1185,23,1237,48,0,DEF,0
1186,23,1238,48,1,DEF,90
1187,23,1239,48,0,FWD,0
1188,23,1240,48,0,FWD,0
1189,23,1241,48,0,MID,0
1190,23,1242,48,0,MID,0
1191,23,1243,48,0,MID,0
1192,23,1244,48,0,GK,0
1193,23,1245,48,1,DEF,90
1194,23,1246,48,1,FWD,90
1195,23,1247,48,0,DEF,0
1196,23,1248,48,0,DEF,0
1197,24,1093,43,1,GK,90
1198,24,1094,43,1,DEF,90
1199,24,1095,43,1,DEF,90
1200,24,1096,43,0,DEF,0
1201,24,1097,43,1,DEF,90
1202,24,1098,43,0,MID,0
1203,24,1099,43,1,MID,90
1204,24,1100,43,0,MID,0
1205,24,1101,43,0,MID,0
1206,24,1102,43,0,MID,0
1207,24,1103,43,1,MID,90
1208,24,1104,43,0,GK,0
1209,24,1105,43,1,DEF,90
1210,24,1106,43,1,FWD,90
1211,24,1107,43,0,DEF,0
1212,24,1108,43,0,GK,0
1213,24,1109,43,0,MID,0
1214,24,1110,43,0,DEF,0
1215,24,1111,43,1,MID,90
1216,24,1112,43,0,FWD,0
1217,24,1113,43,1,FWD,90
1218,24,1114,43,1,MID,90
1219,24,1115,43,0,MID,0
1220,24,1116,43,0,DEF,0
1221,24,1117,43,0,DEF,0
1222,24,1118,43,0,DEF,0
1223,24,1119,44,1,GK,90
1224,24,1120,44,1,DEF,90
1225,24,1121,44,1,DEF,90
1226,24,1122,44,0,DEF,0
1227,24,1123,44,0,MID,0
1228,24,1124,44,1,MID,90
1229,24,1125,44,1,FWD,90
1230,24,1126,44,1,MID,90
1231,24,1127,44,0,FWD,0
1232,24,1128,44,0,MID,0
1233,24,1129,44,1,MID,90
1234,24,1130,44,0,GK,0
1235,24,1131,44,0,DEF,0
1236,24,1132,44,1,DEF,90
1237,24,1133,44,0,MID,0
1238,24,1134,44,1,MID,90
1239,24,1135,44,0,DEF,0
1240,24,1136,44,0,DEF,0
1241,24,1137,44,0,FWD,30
1242,24,1138,44,0,MID,0
1243,24,1139,44,0,FWD,30
1244,24,1140,44,0,DEF,0
1245,24,1141,44,1,DEF,90
1246,24,1142,44,0,GK,0
1247,24,1143,44,1,FWD,90
1248,24,1144,44,0,FWD,0
1249,25,1,1,0,GK,0
1250,25,2,1,0,DEF,0
1251,25,3,1,1,DEF,90
1252,25,4,1,1,DEF,90
1253,25,5,1,1,DEF,90
1254,25,6,1,1,MID,90
1255,25,7,1,0,MID,30
1256,25,8,1,0,MID,0
1257,25,9,1,0,FWD,0
1258,25,10,1,0,FWD,0
1259,25,11,1,1,FWD,90
1260,25,12,1,0,GK,0
1261,25,13,1,1,GK,90
1262,25,14,1,1,FWD,90
1263,25,15,1,1,DEF,90
1264,25,16,1,0,FWD,0
1265,25,17,1,0,MID,0
1266,25,18,1,1,MID,90
1267,25,19,1,1,MID,90
1268,25,20,1,0,DEF,0
1269,25,21,1,0,FWD,0
1270,25,22,1,0,FWD,0
1271,25,23,1,0,DEF,0
1272,25,24,1,0,MID,0
1273,25,25,1,0,FWD,0
1274,25,26,1,1,MID,90
1275,25,53,3,1,GK,90
1276,25,54,3,1,DEF,90
1277,25,55,3,0,MID,0
1278,25,56,3,1,DEF,90
1279,25,57,3,0,DEF,0
1280,25,58,3,1,MID,90
1281,25,59,3,1,FWD,90
1282,25,60,3,0,MID,0
1283,25,61,3,0,FWD,0
1284,25,62,3,0,MID,0
1285,25,63,3,1,MID,90
1286,25,64,3,0,GK,0
1287,25,65,3,0,DEF,0
1288,25,66,3,0,DEF,0
1289,25,67,3,0,DEF,0
1290,25,68,3,0,DEF,0
1291,25,69,3,0,MID,0
1292,25,70,3,1,FWD,90
1293,25,71,3,1,MID,90
1294,25,72,3,1,MID,90
1295,25,73,3,0,GK,0
1296,25,74,3,1,DEF,90
1297,25,75,3,1,DEF,90
1298,25,76,3,0,MID,0
1299,25,77,3,0,MID,0
1300,25,78,3,0,MID,0
1301,26,79,4,1,GK,90
1302,26,80,4,1,DEF,90
1303,26,81,4,0,DEF,0
1304,26,82,4,1,DEF,90
1305,26,83,4,0,DEF,0
1306,26,84,4,1,DEF,90
1307,26,85,4,1,DEF,90
1308,26,86,4,0,MID,0
1309,26,87,4,0,FWD,0
1310,26,88,4,1,FWD,90
1311,26,89,4,0,FWD,0
1312,26,90,4,1,MID,90
1313,26,91,4,0,FWD,0
1314,26,92,4,0,DEF,0
1315,26,93,4,1,FWD,90
1316,26,94,4,0,GK,0
1317,26,95,4,1,MID,90
1318,26,96,4,1,MID,90
1319,26,97,4,0,FWD,0
1320,26,98,4,0,DEF,0
1321,26,99,4,0,DEF,0
1322,26,100,4,1,MID,90
1323,26,101,4,0,GK,0
1324,26,102,4,0,MID,30
1325,26,103,4,0,MID,0
1326,26,104,4,0,FWD,0
1327,26,27,2,1,GK,90
1328,26,28,2,0,DEF,0
1329,26,29,2,0,DEF,0
1330,26,30,2,1,MID,90
1331,26,31,2,1,MID,90
1332,26,32,2,1,DEF,90
1333,26,33,2,0,FWD,0
1334,26,34,2,0,FWD,0
1335,26,35,2,1,FWD,90
1336,26,36,2,1,FWD,90
1337,26,37,2,0,MID,0
1338,26,38,2,0,FWD,30
1339,26,39,2,1,MID,90
1340,26,40,2,1,DEF,90
1341,26,41,2,0,FWD,0
1342,26,42,2,0,GK,0
1343,26,43,2,0,FWD,0
1344,26,44,2,1,DEF,90
1345,26,45,2,0,DEF,0
1346,26,46,2,0,DEF,0
1347,26,47,2,0,DEF,0
1348,26,48,2,0,GK,0
1349,26,49,2,1,MID,90
1350,26,50,2,1,DEF,90
1351,26,51,2,0,FWD,0
1352,26,52,2,0,DEF,0
1353,27,105,5,0,GK,0
1354,27,106,5,1,DEF,90
1355,27,107,5,1,DEF,90
1356,27,108,5,0,DEF,0
1357,27,109,5,0,DEF,0
1358,27,110,5,0,MID,0
1359,27,111,5,1,MID,90
1360,27,112,5,1,MID,90
1361,27,113,5,0,FWD,30
1362,27,114,5,1,FWD,90
1363,27,115,5,0,MID,0
1364,27,116,5,0,FWD,0
1365,27,117,5,0,DEF,0
1366,27,118,5,1,MID,90
1367,27,119,5,1,DEF,90
1368,27,120,5,1,GK,90
1369,27,121,5,0,FWD,0
1370,27,122,5,0,GK,0
1371,27,123,5,1,DEF,90
1372,27,124,5,0,FWD,0
1373,27,125,5,0,MID,0
1374,27,126,5,0,DEF,0
1375,27,127,5,0,DEF,0
1376,27,128,5,1,FWD,90
1377,27,129,5,1,MID,90
1378,27,130,5,0,FWD,0
1379,27,157,7,1,GK,90
1380,27,158,7,0,DEF,0
1381,27,159,7,1,DEF,90
1382,27,160,7,0,DEF,0
1383,27,161,7,1,DEF,90
1384,27,162,7,1,MID,90
1385,27,163,7,0,FWD,0
1386,27,164,7,0,FWD,0
1387,27,165,7,0,FWD,0
1388,27,166,7,0,FWD,0
1389,27,167,7,1,FWD,90
1390,27,168,7,0,MID,30
1391,27,169,7,1,DEF,90
1392,27,170,7,1,DEF,90
1393,27,171,7,0,FWD,0
1394,27,172,7,0,DEF,0
1395,27,173,7,1,MID,90
1396,27,174,7,0,DEF,0
1397,27,175,7,1,FWD,90
1398,27,176,7,1,MID,90
1399,27,177,7,0,GK,0
1400,27,178,7,0,GK,0
1401,27,179,7,1,MID,90
1402,27,180,7,0,FWD,0
1403,27,181,7,0,DEF,0
1404,27,182,7,0,FWD,30
1405,28,183,8,1,GK,90
1406,28,184,8,0,DEF,0
1407,28,185,8,0,DEF,0
1408,28,186,8,1,DEF,90
1409,28,187,8,1,DEF,90
1410,28,188,8,1,MID,90
1411,28,189,8,0,FWD,30
1412,28,190,8,0,MID,0
1413,28,191,8,1,MID,90
1414,28,192,8,0,MID,30
1415,28,193,8,1,FWD,90
1416,28,194,8,0,GK,0
1417,28,195,8,0,DEF,0
1418,28,196,8,1,MID,90
1419,28,197,8,0,MID,0
1420,28,198,8,0,FWD,0
1421,28,199,8,0,FWD,30
1422,28,200,8,0,DEF,0
1423,28,201,8,1,FWD,90
1424,28,202,8,0,MID,0
1425,28,203,8,0,GK,0
1426,28,204,8,1,MID,90
1427,28,205,8,0,FWD,0
1428,28,206,8,1,DEF,90
1429,28,207,8,1,DEF,90
1430,28,208,8,0,FWD,0
1431,28,131,6,1,GK,90
1432,28,132,6,0,DEF,0
1433,28,133,6,0,DEF,0
1434,28,134,6,1,DEF,90
1435,28,135,6,1,DEF,90
1436,28,136,6,1,MID,90
1437,28,137,6,1,DEF,90
1438,28,138,6,0,MID,0
1439,28,139,6,0,FWD,0
1440,28,140,6,1,FWD,90
1441,28,141,6,0,FWD,0
1442,28,142,6,0,GK,0
1443,28,143,6,0,MID,0
1444,28,144,6,0,MID,0
1445,28,145,6,1,MID,90
1446,28,146,6,1,MID,90
1447,28,147,6,0,MID,0
1448,28,148,6,0,DEF,0
1449,28,149,6,1,FWD,90
1450,28,150,6,0,FWD,0
1451,28,151,6,1,DEF,90
1452,28,152,6,0,GK,0
1453,28,153,6,0,FWD,0
1454,28,154,6,0,DEF,0
1455,28,155,6,0,FWD,0
1456,28,156,6,1,MID,90
1457,29,209,9,1,GK,90
1458,29,210,9,1,MID,90
1459,29,211,9,1,DEF,90
1460,29,212,9,1,DEF,90
1461,29,213,9,0,MID,0
1462,29,214,9,0,DEF,0
1463,29,215,9,1,FWD,90
1464,29,216,9,1,MID,90
1465,29,217,9,1,FWD,90
1466,29,218,9,0,FWD,0
1467,29,219,9,0,FWD,0
1468,29,220,9,0,GK,0
1469,29,221,9,0,DEF,0
1470,29,222,9,1,DEF,90
1471,29,223,9,0,DEF,0
1472,29,224,9,0,DEF,30
1473,29,225,9,0,MID,0
1474,29,226,9,1,MID,90
1475,29,227,9,0,FWD,0
1476,29,228,9,1,MID,90
1477,29,229,9,0,FWD,0
1478,29,230,9,0,FWD,0
1479,29,231,9,0,GK,0
1480,29,232,9,1,DEF,90
1481,29,233,9,0,FWD,0
1482,29,234,9,0,FWD,0
1483,29,261,11,1,GK,90
1484,29,262,11,1,DEF,90
1485,29,263,11,0,DEF,0
1486,29,264,11,0,DEF,0
1487,29,265,11,1,DEF,90
1488,29,266,11,1,MID,90
1489,29,267,11,0,FWD,0
1490,29,268,11,0,DEF,0
1491,29,269,11,0,FWD,0
1492,29,270,11,1,MID,90
1493,29,271,11,0,FWD,0
1494,29,272,11,0,GK,0
1495,29,273,11,0,DEF,0
1496,29,274,11,0,DEF,0
1497,29,275,11,0,FWD,0
1498,29,276,11,0,FWD,0
1499,29,277,11,1,MID,90
1500,29,278,11,1,FWD,90
1501,29,279,11,0,FWD,0
1502,29,280,11,0,FWD,30
1503,29,281,11,1,FWD,90
1504,29,282,11,1,DEF,90
1505,29,283,11,0,GK,0
1506,29,284,11,1,DEF,90
1507,29,285,11,1,MID,90
1508,29,286,11,0,MID,0
1509,30,287,12,1,GK,90
1510,30,288,12,1,DEF,90
1511,30,289,12,1,DEF,90
1512,30,290,12,1,MID,90
1513,30,291,12,0,DEF,0
1514,30,292,12,1,DEF,90
1515,30,293,12,1,MID,90
1516,30,294,12,0,MID,0
1517,30,295,12,0,FWD,0
1518,30,296,12,0,FWD,0
1519,30,297,12,1,MID,90
1520,30,298,12,0,GK,0
1521,30,299,12,0,DEF,0
1522,30,300,12,0,FWD,0
1523,30,301,12,0,DEF,0
1524,30,302,12,0,DEF,0
1525,30,303,12,1,FWD,90
1526,30,304,12,1,FWD,90
1527,30,305,12,1,MID,90
1528,30,306,12,0,FWD,0
1529,30,307,12,0,GK,0
1530,30,308,12,1,DEF,90
1531,30,309,12,0,MID,0
1532,30,310,12,0,DEF,0
1533,30,311,12,0,FWD,0
1534,30,312,12,0,DEF,0
1535,30,235,10,1,GK,90
1536,30,236,10,1,DEF,90
1537,30,237,10,1,DEF,90
1538,30,238,10,0,MID,0
1539,30,239,10,0,DEF,0
1540,30,240,10,1,MID,90
1541,30,241,10,1,MID,90
1542,30,242,10,0,MID,0
1543,30,243,10,0,FWD,0
1544,30,244,10,1,FWD,90
1545,30,245,10,1,MID,90
1546,30,246,10,0,GK,0
1547,30,247,10,1,DEF,90
1548,30,248,10,0,DEF,0
1549,30,249,10,0,MID,0
1550,30,250,10,0,MID,0
1551,30,251,10,0,FWD,0
1552,30,252,10,1,DEF,90
1553,30,253,10,0,DEF,0
1554,30,254,10,0,FWD,0
1555,30,255,10,1,FWD,90
1556,30,256,10,0,GK,0
1557,30,257,10,1,MID,90
1558,30,258,10,0,MID,0
1559,30,259,10,0,DEF,0
1560,30,260,10,0,DEF,0
1561,31,313,13,1,GK,90
1562,31,314,13,1,DEF,90
1563,31,315,13,1,DEF,90
1564,31,316,13,1,MID,90
1565,31,317,13,1,DEF,90
1566,31,318,13,0,DEF,0
1567,31,319,13,0,MID,0
1568,31,320,13,1,MID,90
1569,31,321,13,0,FWD,0
1570,31,322,13,1,FWD,90
1571,31,323,13,0,FWD,0
1572,31,324,13,0,DEF,0
1573,31,325,13,0,DEF,0
1574,31,326,13,1,MID,90
1575,31,327,13,0,MID,0
1576,31,328,13,0,DEF,30
1577,31,329,13,1,MID,90
1578,31,330,13,0,DEF,0
1579,31,331,13,0,FWD,0
1580,31,332,13,1,FWD,90
1581,31,333,13,0,FWD,0
1582,31,334,13,1,DEF,90
1583,31,335,13,0,DEF,0
1584,31,336,13,0,GK,0
1585,31,337,13,0,GK,0
1586,31,338,13,0,FWD,0
1587,31,365,15,1,GK,90
1588,31,366,15,0,DEF,0
1589,31,367,15,1,DEF,90
1590,31,368,15,0,DEF,30
1591,31,369,15,1,DEF,90
1592,31,370,15,0,DEF,0
1593,31,371,15,0,FWD,0
1594,31,372,15,1,MID,90
1595,31,373,15,0,FWD,0
1596,31,374,15,0,FWD,0
1597,31,375,15,0,FWD,0
1598,31,376,15,0,GK,0
1599,31,377,15,1,MID,90
1600,31,378,15,1,MID,90
1601,31,379,15,0,DEF,0
1602,31,380,15,0,DEF,0
1603,31,381,15,1,FWD,90
1604,31,382,15,0,GK,0
1605,31,383,15,1,DEF,90
1606,31,384,15,1,FWD,90
1607,31,385,15,0,DEF,30
1608,31,386,15,0,MID,0
1609,31,387,15,0,FWD,0
1610,31,388,15,1,MID,90
1611,31,389,15,1,DEF,90
1612,31,390,15,0,FWD,0
1613,32,391,16,1,GK,90
1614,32,392,16,1,DEF,90
1615,32,393,16,1,DEF,90
1616,32,394,16,0,DEF,0
1617,32,395,16,1,MID,90
1618,32,396,16,1,MID,90
1619,32,397,16,0,FWD,0
1620,32,398,16,1,FWD,90
1621,32,399,16,0,FWD,0
1622,32,400,16,1,MID,90
1623,32,401,16,1,FWD,90
1624,32,402,16,0,GK,0
1625,32,403,16,0,DEF,0
1626,32,404,16,0,DEF,0
1627,32,405,16,1,DEF,90
1628,32,406,16,1,MID,90
1629,32,407,16,0,FWD,0
1630,32,408,16,0,DEF,0
1631,32,409,16,0,FWD,0
1632,32,410,16,1,DEF,90
1633,32,411,16,0,FWD,0
1634,32,412,16,0,MID,0
1635,32,413,16,0,GK,0
1636,32,414,16,0,FWD,0
1637,32,415,16,0,DEF,0
1638,32,416,16,0,FWD,0
1639,32,339,14,1,GK,90
1640,32,340,14,0,DEF,0
1641,32,341,14,1,DEF,90
1642,32,342,14,1,DEF,90
1643,32,343,14,0,DEF,0
1644,32,344,14,0,DEF,0
1645,32,345,14,1,MID,90
1646,32,346,14,1,MID,90
1647,32,347,14,0,FWD,0
1648,32,348,14,1,MID,90
1649,32,349,14,1,MID,90
1650,32,350,14,0,GK,0
1651,32,351,14,0,DEF,0
1652,32,352,14,0,MID,0
1653,32,353,14,1,DEF,90
1654,32,354,14,0,MID,0
1655,32,355,14,0,FWD,0
1656,32,356,14,0,FWD,0
1657,32,357,14,1,FWD,90
1658,32,358,14,0,MID,0
1659,32,359,14,0,FWD,0
1660,32,360,14,0,GK,0
1661,32,361,14,0,MID,30
1662,32,362,14,0,MID,0
1663,32,363,14,1,FWD,90
1664,32,364,14,1,DEF,90
1665,33,417,17,1,GK,90
1666,33,418,17,0,DEF,0
1667,33,419,17,0,DEF,0
1668,33,420,17,0,DEF,0
1669,33,421,17,1,MID,90
1670,33,422,17,1,DEF,90
1671,33,423,17,1,FWD,90
1672,33,424,17,0,MID,0
1673,33,425,17,0,MID,0
1674,33,426,17,1,MID,90
1675,33,427,17,1,FWD,90
1676,33,428,17,0,GK,0
1677,33,429,17,0,MID,0
1678,33,430,17,0,FWD,0
1679,33,431,17,1,DEF,90
1680,33,432,17,0,MID,0
1681,33,433,17,1,MID,90
1682,33,434,17,1,DEF,90
1683,33,435,17,0,MID,0
1684,33,436,17,0,MID,30
1685,33,437,17,0,GK,0
1686,33,438,17,0,DEF,0
1687,33,439,17,1,MID,90
1688,33,440,17,1,DEF,90
1689,33,441,17,0,MID,0
1690,33,442,17,0,FWD,30
1691,33,469,19,1,GK,90
1692,33,470,19,1,DEF,90
1693,33,471,19,0,DEF,0
1694,33,472,19,0,MID,0
1695,33,473,19,1,DEF,90
1696,33,474,19,1,MID,90
1697,33,475,19,0,DEF,0
1698,33,476,19,1,MID,90
1699,33,477,19,0,FWD,0
1700,33,478,19,0,FWD,0
1701,33,479,19,1,FWD,90
1702,33,480,19,0,FWD,0
1703,33,481,19,0,DEF,0
1704,33,482,19,0,FWD,0
1705,33,483,19,1,FWD,90
1706,33,484,19,0,GK,0
1707,33,485,19,1,DEF,90
1708,33,486,19,1,MID,90
1709,33,487,19,0,FWD,0
1710,33,488,19,0,DEF,0
1711,33,489,19,1,DEF,90
1712,33,490,19,0,FWD,0
1713,33,491,19,0,GK,0
1714,33,492,19,0,FWD,0
1715,33,493,19,0,MID,0
1716,33,494,19,1,MID,90
1717,34,495,20,1,GK,90
1718,34,496,20,0,DEF,0
1719,34,497,20,1,DEF,90
1720,34,498,20,1,DEF,90
1721,34,499,20,0,MID,0
1722,34,500,20,1,DEF,90
1723,34,501,20,1,DEF,90
1724,34,502,20,0,MID,0
1725,34,503,20,0,FWD,0
1726,34,504,20,1,MID,90
1727,34,505,20,0,FWD,0
1728,34,506,20,0,GK,0
1729,34,507,20,0,FWD,0
1730,34,508,20,0,MID,0
1731,34,509,20,1,MID,90
1732,34,510,20,0,FWD,0
1733,34,511,20,0,DEF,0
1734,34,512,20,1,MID,90
1735,34,513,20,1,FWD,90
1736,34,514,20,1,FWD,90
1737,34,515,20,0,MID,0
1738,34,516,20,0,GK,0
1739,34,517,20,1,MID,90
1740,34,518,20,0,FWD,0
1741,34,519,20,0,DEF,0
1742,34,520,20,0,DEF,0
1743,34,443,18,1,GK,90
1744,34,444,18,1,DEF,90
1745,34,445,18,0,DEF,0
1746,34,446,18,0,DEF,0
1747,34,447,18,0,DEF,0
1748,34,448,18,0,MID,0
1749,34,449,18,1,MID,90
1750,34,450,18,0,MID,0
1751,34,451,18,1,FWD,90
1752,34,452,18,1,MID,90
1753,34,453,18,0,FWD,0
1754,34,454,18,1,FWD,90
1755,34,455,18,0,FWD,0
1756,34,456,18,0,FWD,0
1757,34,457,18,1,MID,90
1758,34,458,18,0,FWD,0
1759,34,459,18,0,FWD,0
1760,34,460,18,1,DEF,90
1761,34,461,18,0,FWD,0
1762,34,462,18,0,DEF,0
1763,34,463,18,1,MID,90
1764,34,464,18,0,MID,0
1765,34,465,18,1,DEF,90
1766,34,466,18,1,DEF,90
1767,34,467,18,0,GK,0
1768,34,468,18,0,GK,0
1769,35,521,21,1,GK,90
1770,35,522,21,0,DEF,0
1771,35,523,21,0,MID,0
1772,35,524,21,0,DEF,0
1773,35,525,21,0,DEF,0
1774,35,526,21,1,DEF,90
1775,35,527,21,1,MID,90
1776,35,528,21,1,MID,90
1777,35,529,21,0,FWD,0
1778,35,530,21,0,FWD,30
1779,35,531,21,1,FWD,90
1780,35,532,21,0,DEF,0
1781,35,533,21,0,GK,0
1782,35,534,21,1,MID,90
1783,35,535,21,1,DEF,90
1784,35,536,21,0,MID,0
1785,35,537,21,0,FWD,0
1786,35,538,21,1,FWD,90
1787,35,539,21,0,FWD,30
1788,35,540,21,0,MID,0
1789,35,541,21,1,MID,90
1790,35,542,21,1,DEF,90
1791,35,543,21,0,GK,0
1792,35,544,21,0,FWD,30
1793,35,545,21,1,DEF,90
1794,35,546,21,0,MID,0
1795,35,573,23,1,GK,90
1796,35,574,23,1,DEF,90
1797,35,575,23,0,DEF,0
1798,35,576,23,1,DEF,90
1799,35,577,23,1,DEF,90
1800,35,578,23,0,DEF,0
1801,35,579,23,1,MID,90
1802,35,580,23,1,DEF,90
1803,35,581,23,1,FWD,90
1804,35,582,23,1,MID,90
1805,35,583,23,0,FWD,30
1806,35,584,23,0,GK,0
1807,35,585,23,0,MID,0
1808,35,586,23,0,DEF,0
1809,35,587,23,0,DEF,0
1810,35,588,23,0,MID,0
1811,35,589,23,1,FWD,90
1812,35,590,23,1,MID,90
1813,35,591,23,1,MID,90
1814,35,592,23,0,DEF,0
1815,35,593,23,0,DEF,0
1816,35,594,23,0,MID,0
1817,35,595,23,0,GK,0
1818,35,596,23,0,DEF,0
1819,35,597,23,0,FWD,0
1820,35,598,23,0,FWD,0
1821,36,599,24,0,GK,0
1822,36,600,24,1,DEF,90
1823,36,601,24,1,DEF,90
1824,36,602,24,0,DEF,0
1825,36,603,24,1,DEF,90
1826,36,604,24,0,DEF,0
1827,36,605,24,1,FWD,90
1828,36,606,24,1,FWD,90
1829,36,607,24,0,FWD,0
1830,36,608,24,1,MID,90
1831,36,609,24,1,MID,90
1832,36,610,24,0,DEF,0
1833,36,611,24,0,MID,0
1834,36,612,24,0,MID,0
1835,36,613,24,0,MID,0
1836,36,614,24,1,GK,90
1837,36,615,24,1,MID,90
1838,36,616,24,0,FWD,0
1839,36,617,24,0,FWD,0
1840,36,618,24,1,DEF,90
1841,36,619,24,0,DEF,0
1842,36,620,24,0,GK,0
1843,36,621,24,0,DEF,0
1844,36,622,24,0,DEF,0
1845,36,623,24,0,MID,0
1846,36,624,24,1,MID,90
1847,36,547,22,1,GK,90
1848,36,548,22,1,DEF,90
1849,36,549,22,0,DEF,0
1850,36,550,22,1,DEF,90
1851,36,551,22,0,DEF,0
1852,36,552,22,0,FWD,0
1853,36,553,22,0,MID,0
1854,36,554,22,1,MID,90
1855,36,555,22,1,FWD,90
1856,36,556,22,1,MID,90
1857,36,557,22,0,MID,0
1858,36,558,22,0,GK,0
1859,36,559,22,0,MID,30
1860,36,560,22,0,MID,30
1861,36,561,22,0,MID,30
1862,36,562,22,1,DEF,90
1863,36,563,22,1,MID,90
1864,36,564,22,1,FWD,90
1865,36,565,22,0,FWD,0
1866,36,566,22,0,DEF,0
1867,36,567,22,1,DEF,90
1868,36,568,22,0,DEF,0
1869,36,569,22,0,GK,0
1870,36,570,22,1,MID,90
1871,36,571,22,0,DEF,0
1872,36,572,22,0,FWD,0
1873,37,625,25,1,GK,90
1874,37,626,25,1,DEF,90
1875,37,627,25,0,DEF,0
1876,37,628,25,0,DEF,0
1877,37,629,25,1,DEF,90
1878,37,630,25,0,MID,0
1879,37,631,25,0,MID,0
1880,37,632,25,1,MID,90
1881,37,633,25,0,FWD,30
1882,37,634,25,0,FWD,0
1883,37,635,25,1,FWD,90
1884,37,636,25,0,GK,0
1885,37,637,25,0,GK,0
1886,37,638,25,0,FWD,0
1887,37,639,25,0,DEF,0
1888,37,640,25,1,DEF,90
1889,37,641,25,0,FWD,0
1890,37,642,25,0,DEF,0
1891,37,643,25,1,MID,90
1892,37,644,25,0,MID,0
1893,37,645,25,0,DEF,0
1894,37,646,25,1,MID,90
1895,37,647,25,0,MID,0
1896,37,648,25,1,MID,90
1897,37,649,25,1,DEF,90
1898,37,650,25,1,FWD,90
1899,37,677,27,1,GK,90
1900,37,678,27,1,DEF,90
1901,37,679,27,0,DEF,0
1902,37,680,27,0,DEF,0
1903,37,681,27,1,DEF,90
1904,37,682,27,0,MID,0
1905,37,683,27,0,MID,0
1906,37,684,27,1,MID,90
1907,37,685,27,0,FWD,0
1908,37,686,27,1,FWD,90
1909,37,687,27,0,FWD,0
1910,37,688,27,0,GK,0
1911,37,689,27,1,DEF,90
1912,37,690,27,1,MID,90
1913,37,691,27,0,MID,0
1914,37,692,27,1,MID,90
1915,37,693,27,1,DEF,90
1916,37,694,27,1,FWD,90
1917,37,695,27,0,DEF,0
1918,37,696,27,0,FWD,0
1919,37,697,27,1,MID,90
1920,37,698,27,0,GK,0
1921,37,699,27,0,DEF,0
1922,37,700,27,0,FWD,0
1923,37,701,27,0,DEF,0
1924,37,702,27,0,MID,0
1925,38,703,28,1,GK,90
1926,38,704,28,0,DEF,30
1927,38,705,28,1,DEF,90
1928,38,706,28,1,DEF,90
1929,38,707,28,0,DEF,0
1930,38,708,28,1,MID,90
1931,38,709,28,0,FWD,0
1932,38,710,28,1,MID,90
1933,38,711,28,1,FWD,90
1934,38,712,28,0,MID,0
1935,38,713,28,1,MID,90
1936,38,714,28,0,GK,0
1937,38,715,28,1,DEF,90
1938,38,716,28,0,MID,0
1939,38,717,28,0,DEF,0
1940,38,718,28,1,DEF,90
1941,38,719,28,0,FWD,0
1942,38,720,28,0,FWD,0
1943,38,721,28,1,MID,90
1944,38,722,28,0,MID,0
1945,38,723,28,1,FWD,90
1946,38,724,28,0,GK,0
1947,38,725,28,0,MID,0
1948,38,726,28,0,DEF,0
1949,38,727,28,0,MID,0
1950,38,728,28,0,DEF,0
1951,38,651,26,1,GK,90
1952,38,652,26,0,DEF,0
1953,38,653,26,1,DEF,90
1954,38,654,26,1,DEF,90
1955,38,655,26,0,DEF,0
1956,38,656,26,1,DEF,90
1957,38,657,26,0,FWD,30
1958,38,658,26,1,MID,90
1959,38,659,26,0,FWD,0
1960,38,660,26,1,FWD,90
1961,38,661,26,0,MID,30
1962,38,662,26,0,FWD,0
1963,38,663,26,1,DEF,90
1964,38,664,26,1,MID,90
1965,38,665,26,0,DEF,0
1966,38,666,26,0,GK,0
1967,38,667,26,0,MID,0
1968,38,668,26,0,MID,0
1969,38,669,26,1,MID,90
1970,38,670,26,0,FWD,0
1971,38,671,26,1,MID,90
1972,38,672,26,1,FWD,90
1973,38,673,26,0,GK,0
1974,38,674,26,0,DEF,0
1975,38,675,26,0,FWD,0
1976,38,676,26,0,GK,0
1977,39,729,29,0,GK,0
1978,39,730,29,0,DEF,0
1979,39,731,29,0,DEF,0
1980,39,732,29,1,DEF,90
1981,39,733,29,0,DEF,0
1982,39,734,29,0,MID,0
1983,39,735,29,0,FWD,0
1984,39,736,29,0,MID,0
1985,39,737,29,0,MID,0
1986,39,738,29,1,FWD,90
1987,39,739,29,0,FWD,0
1988,39,740,29,1,DEF,90
1989,39,741,29,0,GK,0
1990,39,742,29,0,DEF,30
1991,39,743,29,1,MID,90
1992,39,744,29,1,MID,90
1993,39,745,29,0,FWD,0
1994,39,746,29,1,MID,90
1995,39,747,29,1,FWD,90
1996,39,748,29,1,MID,90
1997,39,749,29,0,FWD,30
1998,39,750,29,1,DEF,90
1999,39,751,29,1,GK,90
2000,39,752,29,1,DEF,90
2001,39,753,29,0,FWD,0
2002,39,754,29,0,FWD,0
2003,39,781,31,0,GK,0
2004,39,782,31,0,DEF,0
2005,39,783,31,0,DEF,0
2006,39,784,31,1,DEF,90
2007,39,785,31,1,DEF,90
2008,39,786,31,1,MID,90
2009,39,787,31,1,MID,90
2010,39,788,31,0,FWD,0
2011,39,789,31,1,FWD,90
2012,39,790,31,1,FWD,90
2013,39,791,31,0,FWD,0
2014,39,792,31,1,DEF,90
2015,39,793,31,0,DEF,0
2016,39,794,31,0,DEF,0
2017,39,795,31,0,MID,0
2018,39,796,31,1,MID,90
2019,39,797,31,0,FWD,0
2020,39,798,31,0,MID,0
2021,39,799,31,0,FWD,0
2022,39,800,31,0,FWD,0
2023,39,801,31,1,GK,90
2024,39,802,31,0,GK,0
2025,39,803,31,1,MID,90
2026,39,804,31,0,DEF,0
2027,39,805,31,0,DEF,0
2028,39,806,31,1,DEF,90
2029,40,807,32,1,GK,90
2030,40,808,32,1,DEF,90
2031,40,809,32,0,DEF,0
2032,40,810,32,1,DEF,90
2033,40,811,32,1,MID,90
2034,40,812,32,0,MID,0
2035,40,813,32,0,MID,0
2036,40,814,32,1,MID,90
2037,40,815,32,1,FWD,90
2038,40,816,32,0,MID,0
2039,40,817,32,0,FWD,0
2040,40,818,32,0,GK,0
2041,40,819,32,0,DEF,0
2042,40,820,32,0,MID,30
2043,40,821,32,0,MID,0
2044,40,822,32,1,DEF,90
2045,40,823,32,0,DEF,0
2046,40,824,32,1,FWD,90
2047,40,825,32,0,FWD,0
2048,40,826,32,1,MID,90
2049,40,827,32,0,FWD,0
2050,40,828,32,0,MID,0
2051,40,829,32,0,GK,0
2052,40,830,32,1,DEF,90
2053,40,831,32,0,MID,0
2054,40,832,32,1,MID,90
2055,40,755,30,1,GK,90
2056,40,756,30,0,DEF,0
2057,40,757,30,0,DEF,0
2058,40,758,30,0,DEF,0
2059,40,759,30,1,DEF,90
2060,40,760,30,1,MID,90
2061,40,761,30,0,MID,0
2062,40,762,30,0,MID,0
2063,40,763,30,1,FWD,90
2064,40,764,30,0,MID,0
2065,40,765,30,0,MID,0
2066,40,766,30,0,GK,0
2067,40,767,30,1,DEF,90
2068,40,768,30,1,MID,90
2069,40,769,30,0,MID,0
2070,40,770,30,0,MID,0
2071,40,771,30,0,MID,0
2072,40,772,30,1,MID,90
2073,40,773,30,1,FWD,90
2074,40,774,30,0,FWD,0
2075,40,775,30,0,MID,0
2076,40,776,30,1,DEF,90
2077,40,777,30,0,GK,0
2078,40,778,30,1,DEF,90
2079,40,779,30,0,DEF,0
2080,40,780,30,1,MID,90
2081,41,833,33,0,GK,0
2082,41,834,33,0,DEF,0
2083,41,835,33,0,DEF,0
2084,41,836,33,1,DEF,90
2085,41,837,33,1,DEF,90
2086,41,838,33,1,MID,90
2087,41,839,33,0,FWD,30
2088,41,840,33,1,MID,90
2089,41,841,33,0,FWD,0
2090,41,842,33,1,FWD,90
2091,41,843,33,1,FWD,90
2092,41,844,33,0,FWD,0
2093,41,845,33,0,MID,0
2094,41,846,33,0,MID,0
2095,41,847,33,0,DEF,0
2096,41,848,33,1,GK,90
2097,41,849,33,1,DEF,90
2098,41,850,33,1,MID,90
2099,41,851,33,0,DEF,0
2100,41,852,33,0,FWD,0
2101,41,853,33,0,DEF,0
2102,41,854,33,0,FWD,0
2103,41,855,33,0,GK,0
2104,41,856,33,1,MID,90
2105,41,857,33,0,MID,0
2106,41,858,33,1,DEF,90
2107,41,885,35,1,GK,90
2108,41,886,35,0,DEF,0
2109,41,887,35,0,DEF,0
2110,41,888,35,1,DEF,90
2111,41,889,35,1,DEF,90
2112,41,890,35,0,DEF,0
2113,41,891,35,0,MID,0
2114,41,892,35,0,MID,0
2115,41,893,35,0,FWD,0
2116,41,894,35,0,FWD,0
2117,41,895,35,1,FWD,90
2118,41,896,35,0,GK,0
2119,41,897,35,0,FWD,0
2120,41,898,35,1,MID,90
2121,41,899,35,1,DEF,90
2122,41,900,35,1,MID,90
2123,41,901,35,0,FWD,0
2124,41,902,35,0,FWD,0
2125,41,903,35,1,MID,90
2126,41,904,35,1,MID,90
2127,41,905,35,1,FWD,90
2128,41,906,35,0,GK,0
2129,41,907,35,1,DEF,90
2130,41,908,35,0,MID,0
2131,41,909,35,0,DEF,0
2132,41,910,35,0,DEF,0
2133,42,911,36,1,GK,90
2134,42,912,36,0,MID,0
2135,42,913,36,1,DEF,90
2136,42,914,36,1,DEF,90
2137,42,915,36,1,DEF,90
2138,42,916,36,0,MID,30
2139,42,917,36,0,FWD,0
2140,42,918,36,1,MID,90
2141,42,919,36,1,FWD,90
2142,42,920,36,1,MID,90
2143,42,921,36,1,FWD,90
2144,42,922,36,0,GK,0
2145,42,923,36,0,GK,0
2146,42,924,36,0,MID,0
2147,42,925,36,0,DEF,0
2148,42,926,36,0,DEF,30
2149,42,927,36,1,DEF,90
2150,42,928,36,0,MID,0
2151,42,929,36,0,MID,0
2152,42,930,36,0,FWD,0
2153,42,931,36,1,MID,90
2154,42,932,36,1,MID,90
2155,42,933,36,0,MID,0
2156,42,934,36,0,DEF,0
2157,42,935,36,0,DEF,0
2158,42,936,36,0,FWD,0
2159,42,859,34,0,GK,0
2160,42,860,34,1,DEF,90
2161,42,861,34,0,DEF,0
2162,42,862,34,0,DEF,0
2163,42,863,34,0,MID,0
2164,42,864,34,0,MID,0
2165,42,865,34,0,FWD,0
2166,42,866,34,1,MID,90
2167,42,867,34,0,FWD,0
2168,42,868,34,0,FWD,30
2169,42,869,34,0,FWD,30
2170,42,870,34,0,FWD,0
2171,42,871,34,1,FWD,90
2172,42,872,34,0,DEF,0
2173,42,873,34,0,DEF,0
2174,42,874,34,1,GK,90
2175,42,875,34,1,MID,90
2176,42,876,34,1,FWD,90
2177,42,877,34,1,DEF,90
2178,42,878,34,0,FWD,0
2179,42,879,34,1,MID,90
2180,42,880,34,0,MID,0
2181,42,881,34,0,GK,0
2182,42,882,34,1,DEF,90
2183,42,883,34,1,DEF,90
2184,42,884,34,1,MID,90
2185,43,937,37,0,GK,0
2186,43,938,37,1,DEF,90
2187,43,939,37,0,DEF,0
2188,43,940,37,0,DEF,0
2189,43,941,37,0,MID,0
2190,43,942,37,1,DEF,90
2191,43,943,37,0,MID,0
2192,43,944,37,1,MID,90
2193,43,945,37,1,FWD,90
2194,43,946,37,0,FWD,30
2195,43,947,37,0,MID,0
2196,43,948,37,0,GK,0
2197,43,949,37,1,DEF,90
2198,43,950,37,1,MID,90
2199,43,951,37,0,MID,0
2200,43,952,37,0,FWD,0
2201,43,953,37,0,FWD,0
2202,43,954,37,0,FWD,0
2203,43,955,37,0,DEF,0
2204,43,956,37,1,MID,90
2205,43,957,37,0,FWD,0
2206,43,958,37,1,FWD,90
2207,43,959,37,1,GK,90
2208,43,960,37,1,MID,90
2209,43,961,37,1,DEF,90
2210,43,962,37,0,DEF,0
2211,43,989,39,1,GK,90
2212,43,990,39,1,DEF,90
2213,43,991,39,1,DEF,90
2214,43,992,39,0,MID,0
2215,43,993,39,0,DEF,0
2216,43,994,39,1,MID,90
2217,43,995,39,0,FWD,0
2218,43,996,39,0,DEF,0
2219,43,997,39,0,MID,0
2220,43,998,39,0,MID,0
2221,43,999,39,0,FWD,0
2222,43,1000,39,0,GK,0
2223,43,1001,39,0,GK,0
2224,43,1002,39,1,FWD,90
2225,43,1003,39,1,DEF,90
2226,43,1004,39,0,DEF,0
2227,43,1005,39,1,MID,90
2228,43,1006,39,0,MID,0
2229,43,1007,39,0,MID,0
2230,43,1008,39,1,MID,90
2231,43,1009,39,1,FWD,90
2232,43,1010,39,0,MID,0
2233,43,1011,39,1,DEF,90
2234,43,1012,39,1,MID,90
2235,43,1013,39,0,DEF,0
2236,43,1014,39,0,MID,0
2237,44,1015,40,1,GK,90
2238,44,1016,40,1,DEF,90
2239,44,1017,40,1,DEF,90
2240,44,1018,40,0,DEF,0
2241,44,1019,40,1,DEF,90
2242,44,1020,40,0,MID,0
2243,44,1021,40,0,FWD,0
2244,44,1022,40,1,MID,90
2245,44,1023,40,0,FWD,0
2246,44,1024,40,1,FWD,90
2247,44,1025,40,1,FWD,90
2248,44,1026,40,0,GK,0
2249,44,1027,40,0,FWD,0
2250,44,1028,40,0,MID,0
2251,44,1029,40,1,MID,90
2252,44,1030,40,0,DEF,0
2253,44,1031,40,0,DEF,0
2254,44,1032,40,0,MID,0
2255,44,1033,40,1,DEF,90
2256,44,1034,40,1,MID,90
2257,44,1035,40,1,MID,90
2258,44,1036,40,0,GK,0
2259,44,1037,40,0,DEF,0
2260,44,1038,40,0,FWD,0
2261,44,1039,40,0,MID,0
2262,44,1040,40,0,DEF,0
2263,44,963,38,1,GK,90
2264,44,964,38,0,DEF,0
2265,44,965,38,0,DEF,0
2266,44,966,38,0,DEF,0
2267,44,967,38,0,DEF,0
2268,44,968,38,0,MID,0
2269,44,969,38,0,FWD,30
2270,44,970,38,1,MID,90
2271,44,971,38,1,FWD,90
2272,44,972,38,1,MID,90
2273,44,973,38,1,FWD,90
2274,44,974,38,0,FWD,30
2275,44,975,38,1,DEF,90
2276,44,976,38,1,MID,90
2277,44,977,38,1,DEF,90
2278,44,978,38,0,GK,0
2279,44,979,38,1,DEF,90
2280,44,980,38,0,FWD,0
2281,44,981,38,0,MID,0
2282,44,982,38,0,FWD,0
2283,44,983,38,1,DEF,90
2284,44,984,38,1,MID,90
2285,44,985,38,0,GK,0
2286,44,986,38,0,MID,0
2287,44,987,38,0,FWD,0
2288,44,988,38,0,DEF,0
2289,45,1041,41,1,GK,90
2290,45,1042,41,0,DEF,0
2291,45,1043,41,1,DEF,90
2292,45,1044,41,0,DEF,0
2293,45,1045,41,1,DEF,90
2294,45,1046,41,1,MID,90
2295,45,1047,41,0,FWD,30
2296,45,1048,41,1,MID,90
2297,45,1049,41,0,FWD,0
2298,45,1050,41,0,MID,0
2299,45,1051,41,0,FWD,0
2300,45,1052,41,0,GK,0
2301,45,1053,41,0,DEF,0
2302,45,1054,41,1,DEF,90
2303,45,1055,41,1,MID,90
2304,45,1056,41,0,FWD,0
2305,45,1057,41,1,FWD,90
2306,45,1058,41,1,FWD,90
2307,45,1059,41,0,FWD,0
2308,45,1060,41,0,DEF,30
2309,45,1061,41,0,MID,0
2310,45,1062,41,0,GK,0
2311,45,1063,41,1,MID,90
2312,45,1064,41,0,DEF,0
2313,45,1065,41,1,DEF,90
2314,45,1066,41,0,FWD,0
2315,45,1093,43,0,GK,0
2316,45,1094,43,1,DEF,90
2317,45,1095,43,1,DEF,90
2318,45,1096,43,0,DEF,0
2319,45,1097,43,1,DEF,90
2320,45,1098,43,0,MID,0
2321,45,1099,43,1,MID,90
2322,45,1100,43,0,MID,0
2323,45,1101,43,0,MID,0
2324,45,1102,43,0,MID,0
2325,45,1103,43,1,MID,90
2326,45,1104,43,0,GK,0
2327,45,1105,43,1,DEF,90
2328,45,1106,43,1,FWD,90
2329,45,1107,43,0,DEF,0
2330,45,1108,43,0,GK,0
2331,45,1109,43,0,MID,0
2332,45,1110,43,0,DEF,0
2333,45,1111,43,1,MID,90
2334,45,1112,43,0,FWD,0
2335,45,1113,43,1,FWD,90
2336,45,1114,43,1,MID,90
2337,45,1115,43,0,MID,0
2338,45,1116,43,0,DEF,0
2339,45,1117,43,0,DEF,0
2340,45,1118,43,1,DEF,90
2341,46,1119,44,0,GK,0
2342,46,1120,44,1,DEF,90
2343,46,1121,44,1,DEF,90
2344,46,1122,44,0,DEF,0
2345,46,1123,44,0,MID,0
2346,46,1124,44,1,MID,90
2347,46,1125,44,1,FWD,90
2348,46,1126,44,1,MID,90
2349,46,1127,44,0,FWD,0
2350,46,1128,44,0,MID,0
2351,46,1129,44,1,MID,90
2352,46,1130,44,1,GK,90
2353,46,1131,44,0,DEF,0
2354,46,1132,44,1,DEF,90
2355,46,1133,44,0,MID,0
2356,46,1134,44,1,MID,90
2357,46,1135,44,0,DEF,0
2358,46,1136,44,0,DEF,0
2359,46,1137,44,0,FWD,0
2360,46,1138,44,0,MID,30
2361,46,1139,44,0,FWD,0
2362,46,1140,44,0,DEF,0
2363,46,1141,44,1,DEF,90
2364,46,1142,44,0,GK,0
2365,46,1143,44,1,FWD,90
2366,46,1144,44,0,FWD,0
2367,46,1067,42,1,GK,90
2368,46,1068,42,1,DEF,90
2369,46,1069,42,1,DEF,90
2370,46,1070,42,1,DEF,90
2371,46,1071,42,0,DEF,0
2372,46,1072,42,1,MID,90
2373,46,1073,42,0,MID,0
2374,46,1074,42,0,MID,0
2375,46,1075,42,0,FWD,0
2376,46,1076,42,1,MID,90
2377,46,1077,42,0,FWD,0
2378,46,1078,42,0,DEF,0
2379,46,1079,42,0,FWD,0
2380,46,1080,42,1,MID,90
2381,46,1081,42,0,MID,0
2382,46,1082,42,0,GK,0
2383,46,1083,42,0,FWD,0
2384,46,1084,42,0,MID,0
2385,46,1085,42,0,FWD,0
2386,46,1086,42,1,FWD,90
2387,46,1087,42,0,GK,0
2388,46,1088,42,0,DEF,0
2389,46,1089,42,1,FWD,90
2390,46,1090,42,1,DEF,90
2391,46,1091,42,1,MID,90
2392,46,1092,42,0,DEF,0
2393,47,1145,45,1,GK,90
2394,47,1146,45,0,DEF,30
2395,47,1147,45,1,DEF,90
2396,47,1148,45,1,MID,90
2397,47,1149,45,0,DEF,0
2398,47,1150,45,1,DEF,90
2399,47,1151,45,1,FWD,90
2400,47,1152,45,1,MID,90
2401,47,1153,45,0,FWD,0
2402,47,1154,45,1,MID,90
2403,47,1155,45,0,FWD,0
2404,47,1156,45,0,DEF,0
2405,47,1157,45,0,GK,0
2406,47,1158,45,0,MID,0
2407,47,1159,45,0,DEF,0
2408,47,1160,45,0,MID,0
2409,47,1161,45,1,MID,90
2410,47,1162,45,1,FWD,90
2411,47,1163,45,0,FWD,0
2412,47,1164,45,0,FWD,0
2413,47,1165,45,0,MID,0
2414,47,1166,45,0,FWD,0
2415,47,1167,45,0,GK,0
2416,47,1168,45,1,DEF,90
2417,47,1169,45,0,DEF,0
2418,47,1170,45,1,DEF,90
2419,47,1197,47,1,GK,90
2420,47,1198,47,1,DEF,90
2421,47,1199,47,1,MID,90
2422,47,1200,47,1,DEF,90
2423,47,1201,47,0,MID,30
2424,47,1202,47,0,DEF,0
2425,47,1203,47,1,FWD,90
2426,47,1204,47,0,MID,0
2427,47,1205,47,0,FWD,0
2428,47,1206,47,0,FWD,0
2429,47,1207,47,1,MID,90
2430,47,1208,47,0,GK,0
2431,47,1209,47,0,FWD,0
2432,47,1210,47,0,DEF,0
2433,47,1211,47,1,MID,90
2434,47,1212,47,0,GK,0
2435,47,1213,47,0,DEF,0
2436,47,1214,47,1,DEF,90
2437,47,1215,47,0,FWD,0
2438,47,1216,47,1,MID,90
2439,47,1217,47,1,DEF,90
2440,47,1218,47,1,FWD,90
2441,47,1219,47,0,DEF,0
2442,47,1220,47,0,FWD,0
2443,47,1221,47,0,FWD,0
2444,47,1222,47,0,DEF,0
2445,48,1223,48,0,GK,0
2446,48,1224,48,1,DEF,90
2447,48,1225,48,1,DEF,90
2448,48,1226,48,0,DEF,30
2449,48,1227,48,0,DEF,0
2450,48,1228,48,1,MID,90
2451,48,1229,48,1,MID,90
2452,48,1230,48,1,MID,90
2453,48,1231,48,1,FWD,90
2454,48,1232,48,1,MID,90
2455,48,1233,48,0,MID,0
2456,48,1234,48,0,GK,0
2457,48,1235,48,0,DEF,0
2458,48,1236,48,0,DEF,0
2459,48,1237,48,0,DEF,0
2460,48,1238,48,1,DEF,90
2461,48,1239,48,0,FWD,0
2462,48,1240,48,0,FWD,0
2463,48,1241,48,0,MID,0
2464,48,1242,48,0,MID,0
2465,48,1243,48,0,MID,0
2466,48,1244,48,1,GK,90
2467,48,1245,48,1,DEF,90
2468,48,1246,48,1,FWD,90
2469,48,1247,48,0,DEF,0
2470,48,1248,48,0,DEF,0
2471,48,1171,46,1,GK,90
2472,48,1172,46,1,DEF,90
2473,48,1173,46,0,DEF,0
2474,48,1174,46,1,DEF,90
2475,48,1175,46,0,DEF,0
2476,48,1176,46,1,DEF,90
2477,48,1177,46,0,MID,0
2478,48,1178,46,1,MID,90
2479,48,1179,46,0,FWD,0
2480,48,1180,46,0,MID,0
2481,48,1181,46,0,FWD,30
2482,48,1182,46,0,GK,0
2483,48,1183,46,1,MID,90
2484,48,1184,46,0,FWD,0
2485,48,1185,46,0,MID,0
2486,48,1186,46,1,MID,90
2487,48,1187,46,1,MID,90
2488,48,1188,46,0,DEF,0
2489,48,1189,46,0,MID,0
2490,48,1190,46,1,FWD,90
2491,48,1191,46,0,MID,0
2492,48,1192,46,1,DEF,90
2493,48,1193,46,0,GK,0
2494,48,1194,46,0,FWD,0
2495,48,1195,46,0,DEF,0
2496,48,1196,46,1,FWD,90
2497,49,79,4,1,GK,90
2498,49,80,4,1,DEF,90
2499,49,81,4,0,DEF,0
2500,49,82,4,1,DEF,90
2501,49,83,4,0,DEF,0
2502,49,84,4,1,DEF,90
2503,49,85,4,1,DEF,90
2504,49,86,4,0,MID,0
2505,49,87,4,0,FWD,0
2506,49,88,4,1,FWD,90
2507,49,89,4,0,FWD,0
2508,49,90,4,1,MID,90
2509,49,91,4,0,FWD,0
2510,49,92,4,0,DEF,0
2511,49,93,4,1,FWD,90
2512,49,94,4,0,GK,0
2513,49,95,4,1,MID,90
2514,49,96,4,1,MID,90
2515,49,97,4,0,FWD,0
2516,49,98,4,0,DEF,0
2517,49,99,4,0,DEF,0
2518,49,100,4,1,MID,90
2519,49,101,4,0,GK,0
2520,49,102,4,0,MID,0
2521,49,103,4,0,MID,0
2522,49,104,4,0,FWD,0
2523,49,1,1,1,GK,90
2524,49,2,1,0,DEF,30
2525,49,3,1,1,DEF,90
2526,49,4,1,1,DEF,90
2527,49,5,1,1,DEF,90
2528,49,6,1,1,MID,90
2529,49,7,1,0,MID,30
2530,49,8,1,0,MID,30
2531,49,9,1,0,FWD,0
2532,49,10,1,0,FWD,0
2533,49,11,1,1,FWD,90
2534,49,12,1,0,GK,0
2535,49,13,1,0,GK,0
2536,49,14,1,1,FWD,90
2537,49,15,1,1,DEF,90
2538,49,16,1,0,FWD,30
2539,49,17,1,0,MID,0
2540,49,18,1,1,MID,90
2541,49,19,1,1,MID,90
2542,49,20,1,0,DEF,30
2543,49,21,1,0,FWD,0
2544,49,22,1,0,FWD,0
2545,49,23,1,0,DEF,0
2546,49,24,1,0,MID,0
2547,49,25,1,0,FWD,30
2548,49,26,1,1,MID,90
2549,50,27,2,1,GK,90
2550,50,28,2,0,DEF,0
2551,50,29,2,0,DEF,0
2552,50,30,2,1,MID,90
2553,50,31,2,1,MID,90
2554,50,32,2,1,DEF,90
2555,50,33,2,0,FWD,0
2556,50,34,2,0,FWD,30
2557,50,35,2,1,FWD,90
2558,50,36,2,1,FWD,90
2559,50,37,2,0,MID,0
2560,50,38,2,0,FWD,30
2561,50,39,2,1,MID,90
2562,50,40,2,1,DEF,90
2563,50,41,2,0,FWD,0
2564,50,42,2,0,GK,0
2565,50,43,2,0,FWD,0
2566,50,44,2,1,DEF,90
2567,50,45,2,0,DEF,0
2568,50,46,2,0,DEF,0
2569,50,47,2,0,DEF,0
2570,50,48,2,0,GK,0
2571,50,49,2,1,MID,90
2572,50,50,2,1,DEF,90
2573,50,51,2,0,FWD,0
2574,50,52,2,0,DEF,0
2575,50,53,3,1,GK,90
2576,50,54,3,1,DEF,90
2577,50,55,3,0,MID,0
2578,50,56,3,1,DEF,90
2579,50,57,3,0,DEF,0
2580,50,58,3,1,MID,90
2581,50,59,3,1,FWD,90
2582,50,60,3,0,MID,0
2583,50,61,3,0,FWD,0
2584,50,62,3,0,MID,0
2585,50,63,3,1,MID,90
2586,50,64,3,0,GK,0
2587,50,65,3,0,DEF,0
2588,50,66,3,0,DEF,0
2589,50,67,3,0,DEF,0
2590,50,68,3,0,DEF,0
2591,50,69,3,0,MID,0
2592,50,70,3,1,FWD,90
2593,50,71,3,1,MID,90
2594,50,72,3,1,MID,90
2595,50,73,3,0,GK,0
2596,50,74,3,1,DEF,90
2597,50,75,3,1,DEF,90
2598,50,76,3,0,MID,0
2599,50,77,3,0,MID,0
2600,50,78,3,0,MID,0
2601,51,183,8,1,GK,90
2602,51,184,8,0,DEF,0
2603,51,185,8,0,DEF,0
2604,51,186,8,1,DEF,90
2605,51,187,8,1,DEF,90
2606,51,188,8,1,MID,90
2607,51,189,8,0,FWD,30
2608,51,190,8,0,MID,0
2609,51,191,8,1,MID,90
2610,51,192,8,0,MID,0
2611,51,193,8,1,FWD,90
2612,51,194,8,0,GK,0
2613,51,195,8,0,DEF,0
2614,51,196,8,1,MID,90
2615,51,197,8,0,MID,0
2616,51,198,8,0,FWD,0
2617,51,199,8,0,FWD,30
2618,51,200,8,0,DEF,0
2619,51,201,8,1,FWD,90
2620,51,202,8,0,MID,0
2621,51,203,8,0,GK,0
2622,51,204,8,1,MID,90
2623,51,205,8,0,FWD,0
2624,51,206,8,1,DEF,90
2625,51,207,8,1,DEF,90
2626,51,208,8,0,FWD,0
2627,51,105,5,0,GK,0
2628,51,106,5,1,DEF,90
2629,51,107,5,1,DEF,90
2630,51,108,5,0,DEF,0
2631,51,109,5,0,DEF,0
2632,51,110,5,0,MID,0
2633,51,111,5,1,MID,90
2634,51,112,5,1,MID,90
2635,51,113,5,0,FWD,0
2636,51,114,5,1,FWD,90
2637,51,115,5,0,MID,0
2638,51,116,5,0,FWD,0
2639,51,117,5,0,DEF,0
2640,51,118,5,1,MID,90
2641,51,119,5,1,DEF,90
2642,51,120,5,1,GK,90
2643,51,121,5,0,FWD,0
2644,51,122,5,0,GK,0
2645,51,123,5,1,DEF,90
2646,51,124,5,0,FWD,0
2647,51,125,5,0,MID,0
2648,51,126,5,0,DEF,0
2649,51,127,5,0,DEF,0
2650,51,128,5,1,FWD,90
2651,51,129,5,1,MID,90
2652,51,130,5,0,FWD,0
2653,52,131,6,1,GK,90
2654,52,132,6,0,DEF,0
2655,52,133,6,0,DEF,30
2656,52,134,6,1,DEF,90
2657,52,135,6,1,DEF,90
2658,52,136,6,1,MID,90
2659,52,137,6,1,DEF,90
2660,52,138,6,0,MID,0
2661,52,139,6,0,FWD,0
2662,52,140,6,1,FWD,90
2663,52,141,6,0,FWD,0
2664,52,142,6,0,GK,0
2665,52,143,6,0,MID,30
2666,52,144,6,0,MID,0
2667,52,145,6,1,MID,90
2668,52,146,6,1,MID,90
2669,52,147,6,0,MID,0
2670,52,148,6,0,DEF,0
2671,52,149,6,1,FWD,90
2672,52,150,6,0,FWD,0
2673,52,151,6,1,DEF,90
2674,52,152,6,0,GK,0
2675,52,153,6,0,FWD,0
2676,52,154,6,0,DEF,0
2677,52,155,6,0,FWD,0
2678,52,156,6,1,MID,90
2679,52,157,7,1,GK,90
2680,52,158,7,0,DEF,0
2681,52,159,7,1,DEF,90
2682,52,160,7,0,DEF,0
2683,52,161,7,1,DEF,90
2684,52,162,7,1,MID,90
2685,52,163,7,0,FWD,0
2686,52,164,7,0,FWD,30
2687,52,165,7,0,FWD,0
2688,52,166,7,0,FWD,30
2689,52,167,7,1,FWD,90
2690,52,168,7,0,MID,0
2691,52,169,7,1,DEF,90
2692,52,170,7,1,DEF,90
2693,52,171,7,0,FWD,0
2694,52,172,7,0,DEF,0
2695,52,173,7,1,MID,90
2696,52,174,7,0,DEF,0
2697,52,175,7,1,FWD,90
2698,52,176,7,1,MID,90
2699,52,177,7,0,GK,0
2700,52,178,7,0,GK,0
2701,52,179,7,1,MID,90
2702,52,180,7,0,FWD,0
2703,52,181,7,0,DEF,0
2704,52,182,7,0,FWD,0
2705,53,287,12,1,GK,90
2706,53,288,12,1,DEF,90
2707,53,289,12,1,DEF,90
2708,53,290,12,1,MID,90
2709,53,291,12,0,DEF,0
2710,53,292,12,1,DEF,90
2711,53,293,12,1,MID,90
2712,53,294,12,0,MID,0
2713,53,295,12,0,FWD,0
2714,53,296,12,0,FWD,0
2715,53,297,12,1,MID,90
2716,53,298,12,0,GK,0
2717,53,299,12,0,DEF,0
2718,53,300,12,0,FWD,0
2719,53,301,12,0,DEF,0
2720,53,302,12,0,DEF,0
2721,53,303,12,1,FWD,90
2722,53,304,12,1,FWD,90
2723,53,305,12,1,MID,90
2724,53,306,12,0,FWD,0
2725,53,307,12,0,GK,0
2726,53,308,12,1,DEF,90
2727,53,309,12,0,MID,0
2728,53,310,12,0,DEF,0
2729,53,311,12,0,FWD,0
2730,53,312,12,0,DEF,0
2731,53,209,9,1,GK,90
2732,53,210,9,1,MID,90
2733,53,211,9,1,DEF,90
2734,53,212,9,1,DEF,90
2735,53,213,9,0,MID,0
2736,53,214,9,0,DEF,0
2737,53,215,9,1,FWD,90
2738,53,216,9,1,MID,90
2739,53,217,9,1,FWD,90
2740,53,218,9,0,FWD,0
2741,53,219,9,0,FWD,0
2742,53,220,9,0,GK,0
2743,53,221,9,0,DEF,0
2744,53,222,9,1,DEF,90
2745,53,223,9,0,DEF,0
2746,53,224,9,0,DEF,0
2747,53,225,9,0,MID,0
2748,53,226,9,1,MID,90
2749,53,227,9,0,FWD,0
2750,53,228,9,1,MID,90
2751,53,229,9,0,FWD,0
2752,53,230,9,0,FWD,0
2753,53,231,9,0,GK,0
2754,53,232,9,1,DEF,90
2755,53,233,9,0,FWD,0
2756,53,234,9,0,FWD,30
2757,54,235,10,1,GK,90
2758,54,236,10,1,DEF,90
2759,54,237,10,1,DEF,90
2760,54,238,10,0,MID,0
2761,54,239,10,0,DEF,0
2762,54,240,10,1,MID,90
2763,54,241,10,1,MID,90
2764,54,242,10,0,MID,0
2765,54,243,10,0,FWD,30
2766,54,244,10,1,FWD,90
2767,54,245,10,1,MID,90
2768,54,246,10,0,GK,0
2769,54,247,10,1,DEF,90
2770,54,248,10,0,DEF,0
2771,54,249,10,0,MID,0
2772,54,250,10,0,MID,30
2773,54,251,10,0,FWD,0
2774,54,252,10,1,DEF,90
2775,54,253,10,0,DEF,0
2776,54,254,10,0,FWD,0
2777,54,255,10,1,FWD,90
2778,54,256,10,0,GK,0
2779,54,257,10,1,MID,90
2780,54,258,10,0,MID,0
2781,54,259,10,0,DEF,0
2782,54,260,10,0,DEF,0
2783,54,261,11,1,GK,90
2784,54,262,11,1,DEF,90
2785,54,263,11,0,DEF,0
2786,54,264,11,0,DEF,0
2787,54,265,11,1,DEF,90
2788,54,266,11,1,MID,90
2789,54,267,11,0,FWD,0
2790,54,268,11,0,DEF,0
2791,54,269,11,0,FWD,0
2792,54,270,11,1,MID,90
2793,54,271,11,0,FWD,0
2794,54,272,11,0,GK,0
2795,54,273,11,0,DEF,0
2796,54,274,11,0,DEF,0
2797,54,275,11,0,FWD,0
2798,54,276,11,0,FWD,0
2799,54,277,11,1,MID,90
2800,54,278,11,1,FWD,90
2801,54,279,11,0,FWD,0
2802,54,280,11,0,FWD,0
2803,54,281,11,1,FWD,90
2804,54,282,11,1,DEF,90
2805,54,283,11,0,GK,0
2806,54,284,11,1,DEF,90
2807,54,285,11,1,MID,90
2808,54,286,11,0,MID,0
2809,55,391,16,1,GK,90
2810,55,392,16,1,DEF,90
2811,55,393,16,1,DEF,90
2812,55,394,16,0,DEF,0
2813,55,395,16,1,MID,90
2814,55,396,16,1,MID,90
2815,55,397,16,0,FWD,0
2816,55,398,16,1,FWD,90
2817,55,399,16,0,FWD,0
2818,55,400,16,1,MID,90
2819,55,401,16,1,FWD,90
2820,55,402,16,0,GK,0
2821,55,403,16,0,DEF,30
2822,55,404,16,0,DEF,0
2823,55,405,16,1,DEF,90
2824,55,406,16,1,MID,90
2825,55,407,16,0,FWD,0
2826,55,408,16,0,DEF,0
2827,55,409,16,0,FWD,0
2828,55,410,16,1,DEF,90
2829,55,411,16,0,FWD,0
2830,55,412,16,0,MID,30
2831,55,413,16,0,GK,0
2832,55,414,16,0,FWD,0
2833,55,415,16,0,DEF,0
2834,55,416,16,0,FWD,30
2835,55,313,13,1,GK,90
2836,55,314,13,1,DEF,90
2837,55,315,13,1,DEF,90
2838,55,316,13,1,MID,90
2839,55,317,13,1,DEF,90
2840,55,318,13,0,DEF,30
2841,55,319,13,0,MID,0
2842,55,320,13,1,MID,90
2843,55,321,13,0,FWD,0
2844,55,322,13,1,FWD,90
2845,55,323,13,0,FWD,0
2846,55,324,13,0,DEF,0
2847,55,325,13,0,DEF,0
2848,55,326,13,1,MID,90
2849,55,327,13,0,MID,0
2850,55,328,13,0,DEF,0
2851,55,329,13,1,MID,90
2852,55,330,13,0,DEF,0
2853,55,331,13,0,FWD,0
2854,55,332,13,1,FWD,90
2855,55,333,13,0,FWD,0
2856,55,334,13,1,DEF,90
2857,55,335,13,0,DEF,0
2858,55,336,13,0,GK,0
2859,55,337,13,0,GK,0
2860,55,338,13,0,FWD,0
2861,56,339,14,1,GK,90
2862,56,340,14,0,DEF,0
2863,56,341,14,1,DEF,90
2864,56,342,14,1,DEF,90
2865,56,343,14,0,DEF,0
2866,56,344,14,0,DEF,0
2867,56,345,14,1,MID,90
2868,56,346,14,1,MID,90
2869,56,347,14,0,FWD,0
2870,56,348,14,1,MID,90
2871,56,349,14,1,MID,90
2872,56,350,14,0,GK,0
2873,56,351,14,0,DEF,0
2874,56,352,14,0,MID,0
2875,56,353,14,1,DEF,90
2876,56,354,14,0,MID,0
2877,56,355,14,0,FWD,0
2878,56,356,14,0,FWD,0
2879,56,357,14,1,FWD,90
2880,56,358,14,0,MID,0
2881,56,359,14,0,FWD,0
2882,56,360,14,0,GK,0
2883,56,361,14,0,MID,0
2884,56,362,14,0,MID,0
2885,56,363,14,1,FWD,90
2886,56,364,14,1,DEF,90
2887,56,365,15,1,GK,90
2888,56,366,15,0,DEF,0
2889,56,367,15,1,DEF,90
2890,56,368,15,0,DEF,0
2891,56,369,15,1,DEF,90
2892,56,370,15,0,DEF,0
2893,56,371,15,0,FWD,0
2894,56,372,15,1,MID,90
2895,56,373,15,0,FWD,0
2896,56,374,15,0,FWD,0
2897,56,375,15,0,FWD,0
2898,56,376,15,0,GK,0
2899,56,377,15,1,MID,90
2900,56,378,15,1,MID,90
2901,56,379,15,0,DEF,0
2902,56,380,15,0,DEF,0
2903,56,381,15,1,FWD,90
2904,56,382,15,0,GK,0
2905,56,383,15,1,DEF,90
2906,56,384,15,1,FWD,90
2907,56,385,15,0,DEF,0
2908,56,386,15,0,MID,0
2909,56,387,15,0,FWD,0
2910,56,388,15,1,MID,90
2911,56,389,15,1,DEF,90
2912,56,390,15,0,FWD,0
2913,57,495,20,1,GK,90
2914,57,496,20,0,DEF,0
2915,57,497,20,1,DEF,90
2916,57,498,20,1,DEF,90
2917,57,499,20,0,MID,0
2918,57,500,20,1,DEF,90
2919,57,501,20,1,DEF,90
2920,57,502,20,0,MID,0
2921,57,503,20,0,FWD,0
2922,57,504,20,1,MID,90
2923,57,505,20,0,FWD,0
2924,57,506,20,0,GK,0
2925,57,507,20,0,FWD,0
2926,57,508,20,0,MID,0
2927,57,509,20,1,MID,90
2928,57,510,20,0,FWD,0
2929,57,511,20,0,DEF,0
2930,57,512,20,1,MID,90
2931,57,513,20,1,FWD,90
2932,57,514,20,1,FWD,90
2933,57,515,20,0,MID,0
2934,57,516,20,0,GK,0
2935,57,517,20,1,MID,90
2936,57,518,20,0,FWD,0
2937,57,519,20,0,DEF,0
2938,57,520,20,0,DEF,0
2939,57,417,17,1,GK,90
2940,57,418,17,0,DEF,0
2941,57,419,17,0,DEF,0
2942,57,420,17,0,DEF,0
2943,57,421,17,1,MID,90
2944,57,422,17,1,DEF,90
2945,57,423,17,1,FWD,90
2946,57,424,17,0,MID,0
2947,57,425,17,0,MID,0
2948,57,426,17,1,MID,90
2949,57,427,17,1,FWD,90
2950,57,428,17,0,GK,0
2951,57,429,17,0,MID,0
2952,57,430,17,0,FWD,0
2953,57,431,17,1,DEF,90
2954,57,432,17,0,MID,0
2955,57,433,17,1,MID,90
2956,57,434,17,1,DEF,90
2957,57,435,17,0,MID,30
2958,57,436,17,0,MID,0
2959,57,437,17,0,GK,0
2960,57,438,17,0,DEF,0
2961,57,439,17,1,MID,90
2962,57,440,17,1,DEF,90
2963,57,441,17,0,MID,0
2964,57,442,17,0,FWD,0
2965,58,443,18,1,GK,90
2966,58,444,18,1,DEF,90
2967,58,445,18,0,DEF,0
2968,58,446,18,0,DEF,0
2969,58,447,18,0,DEF,0
2970,58,448,18,0,MID,0
2971,58,449,18,1,MID,90
2972,58,450,18,0,MID,0
2973,58,451,18,1,FWD,90
2974,58,452,18,1,MID,90
2975,58,453,18,0,FWD,0
2976,58,454,18,1,FWD,90
2977,58,455,18,0,FWD,0
2978,58,456,18,0,FWD,0
2979,58,457,18,1,MID,90
2980,58,458,18,0,FWD,0
2981,58,459,18,0,FWD,0
2982,58,460,18,1,DEF,90
2983,58,461,18,0,FWD,0
2984,58,462,18,0,DEF,0
2985,58,463,18,1,MID,90
2986,58,464,18,0,MID,0
2987,58,465,18,1,DEF,90
2988,58,466,18,1,DEF,90
2989,58,467,18,0,GK,0
2990,58,468,18,0,GK,0
2991,58,469,19,1,GK,90
2992,58,470,19,1,DEF,90
2993,58,471,19,0,DEF,0
2994,58,472,19,0,MID,0
2995,58,473,19,1,DEF,90
2996,58,474,19,1,MID,90
2997,58,475,19,0,DEF,0
2998,58,476,19,1,MID,90
2999,58,477,19,0,FWD,0
3000,58,478,19,0,FWD,0
3001,58,479,19,1,FWD,90
3002,58,480,19,0,FWD,0
3003,58,481,19,0,DEF,0
3004,58,482,19,0,FWD,0
3005,58,483,19,1,FWD,90
3006,58,484,19,0,GK,0
3007,58,485,19,1,DEF,90
3008,58,486,19,1,MID,90
3009,58,487,19,0,FWD,30
3010,58,488,19,0,DEF,0
3011,58,489,19,1,DEF,90
3012,58,490,19,0,FWD,0
3013,58,491,19,0,GK,0
3014,58,492,19,0,FWD,0
3015,58,493,19,0,MID,0
3016,58,494,19,1,MID,90
3017,59,599,24,0,GK,0
3018,59,600,24,1,DEF,90
3019,59,601,24,1,DEF,90
3020,59,602,24,0,DEF,0
3021,59,603,24,1,DEF,90
3022,59,604,24,0,DEF,0
3023,59,605,24,1,FWD,90
3024,59,606,24,1,FWD,90
3025,59,607,24,0,FWD,30
3026,59,608,24,1,MID,90
3027,59,609,24,1,MID,90
3028,59,610,24,0,DEF,0
3029,59,611,24,0,MID,0
3030,59,612,24,0,MID,0
3031,59,613,24,0,MID,0
3032,59,614,24,1,GK,90
3033,59,615,24,1,MID,90
3034,59,616,24,0,FWD,0
3035,59,617,24,0,FWD,0
3036,59,618,24,1,DEF,90
3037,59,619,24,0,DEF,0
3038,59,620,24,0,GK,0
3039,59,621,24,0,DEF,0
3040,59,622,24,0,DEF,0
3041,59,623,24,0,MID,0
3042,59,624,24,1,MID,90
3043,59,521,21,1,GK,90
3044,59,522,21,0,DEF,0
3045,59,523,21,0,MID,0
3046,59,524,21,0,DEF,0
3047,59,525,21,0,DEF,0
3048,59,526,21,1,DEF,90
3049,59,527,21,1,MID,90
3050,59,528,21,1,MID,90
3051,59,529,21,0,FWD,0
3052,59,530,21,0,FWD,0
3053,59,531,21,1,FWD,90
3054,59,532,21,0,DEF,0
3055,59,533,21,0,GK,0
3056,59,534,21,1,MID,90
3057,59,535,21,1,DEF,90
3058,59,536,21,0,MID,0
3059,59,537,21,0,FWD,0
3060,59,538,21,1,FWD,90
3061,59,539,21,0,FWD,30
3062,59,540,21,0,MID,0
3063,59,541,21,1,MID,90
3064,59,542,21,1,DEF,90
3065,59,543,21,0,GK,0
3066,59,544,21,0,FWD,0
3067,59,545,21,1,DEF,90
3068,59,546,21,0,MID,0
3069,60,547,22,1,GK,90
3070,60,548,22,1,DEF,90
3071,60,549,22,0,DEF,0
3072,60,550,22,1,DEF,90
3073,60,551,22,0,DEF,0
3074,60,552,22,0,FWD,0
3075,60,553,22,0,MID,0
3076,60,554,22,1,MID,90
3077,60,555,22,1,FWD,90
3078,60,556,22,1,MID,90
3079,60,557,22,0,MID,30
3080,60,558,22,0,GK,0
3081,60,559,22,0,MID,0
3082,60,560,22,0,MID,0
3083,60,561,22,0,MID,0
3084,60,562,22,1,DEF,90
3085,60,563,22,1,MID,90
3086,60,564,22,1,FWD,90
3087,60,565,22,0,FWD,0
3088,60,566,22,0,DEF,0
3089,60,567,22,1,DEF,90
3090,60,568,22,0,DEF,0
3091,60,569,22,0,GK,0
3092,60,570,22,1,MID,90
3093,60,571,22,0,DEF,0
3094,60,572,22,0,FWD,0
3095,60,573,23,1,GK,90
3096,60,574,23,1,DEF,90
3097,60,575,23,0,DEF,0
3098,60,576,23,1,DEF,90
3099,60,577,23,1,DEF,90
3100,60,578,23,0,DEF,0
3101,60,579,23,1,MID,90
3102,60,580,23,1,DEF,90
3103,60,581,23,1,FWD,90
3104,60,582,23,1,MID,90
3105,60,583,23,0,FWD,30
3106,60,584,23,0,GK,0
3107,60,585,23,0,MID,0
3108,60,586,23,0,DEF,0
3109,60,587,23,0,DEF,0
3110,60,588,23,0,MID,0
3111,60,589,23,1,FWD,90
3112,60,590,23,1,MID,90
3113,60,591,23,1,MID,90
3114,60,592,23,0,DEF,0
3115,60,593,23,0,DEF,0
3116,60,594,23,0,MID,0
3117,60,595,23,0,GK,0
3118,60,596,23,0,DEF,0
3119,60,597,23,0,FWD,0
3120,60,598,23,0,FWD,0
3121,61,703,28,1,GK,90
3122,61,704,28,0,DEF,0
3123,61,705,28,1,DEF,90
3124,61,706,28,1,DEF,90
3125,61,707,28,0,DEF,0
3126,61,708,28,1,MID,90
3127,61,709,28,0,FWD,0
3128,61,710,28,1,MID,90
3129,61,711,28,1,FWD,90
3130,61,712,28,0,MID,0
3131,61,713,28,1,MID,90
3132,61,714,28,0,GK,0
3133,61,715,28,1,DEF,90
3134,61,716,28,0,MID,0
3135,61,717,28,0,DEF,0
3136,61,718,28,1,DEF,90
3137,61,719,28,0,FWD,0
3138,61,720,28,0,FWD,0
3139,61,721,28,1,MID,90
3140,61,722,28,0,MID,0
3141,61,723,28,1,FWD,90
3142,61,724,28,0,GK,0
3143,61,725,28,0,MID,0
3144,61,726,28,0,DEF,0
3145,61,727,28,0,MID,0
3146,61,728,28,0,DEF,0
3147,61,625,25,1,GK,90
3148,61,626,25,1,DEF,90
3149,61,627,25,0,DEF,0
3150,61,628,25,0,DEF,0
3151,61,629,25,1,DEF,90
3152,61,630,25,0,MID,0
3153,61,631,25,0,MID,30
3154,61,632,25,1,MID,90
3155,61,633,25,0,FWD,30
3156,61,634,25,0,FWD,30
3157,61,635,25,1,FWD,90
3158,61,636,25,0,GK,0
3159,61,637,25,0,GK,0
3160,61,638,25,0,FWD,0
3161,61,639,25,0,DEF,0
3162,61,640,25,1,DEF,90
3163,61,641,25,0,FWD,0
3164,61,642,25,0,DEF,0
3165,61,643,25,1,MID,90
3166,61,644,25,0,MID,0
3167,61,645,25,0,DEF,0
3168,61,646,25,1,MID,90
3169,61,647,25,0,MID,0
3170,61,648,25,1,MID,90
3171,61,649,25,1,DEF,90
3172,61,650,25,1,FWD,90
3173,62,651,26,1,GK,90
3174,62,652,26,0,DEF,0
3175,62,653,26,1,DEF,90
3176,62,654,26,1,DEF,90
3177,62,655,26,0,DEF,0
3178,62,656,26,1,DEF,90
3179,62,657,26,0,FWD,0
3180,62,658,26,1,MID,90
3181,62,659,26,0,FWD,0
3182,62,660,26,1,FWD,90
3183,62,661,26,0,MID,0
3184,62,662,26,0,FWD,0
3185,62,663,26,1,DEF,90
3186,62,664,26,1,MID,90
3187,62,665,26,0,DEF,0
3188,62,666,26,0,GK,0
3189,62,667,26,0,MID,0
3190,62,668,26,0,MID,0
3191,62,669,26,1,MID,90
3192,62,670,26,0,FWD,0
3193,62,671,26,1,MID,90
3194,62,672,26,1,FWD,90
3195,62,673,26,0,GK,0
3196,62,674,26,0,DEF,0
3197,62,675,26,0,FWD,0
3198,62,676,26,0,GK,0
3199,62,677,27,1,GK,90
3200,62,678,27,1,DEF,90
3201,62,679,27,0,DEF,0
3202,62,680,27,0,DEF,0
3203,62,681,27,1,DEF,90
3204,62,682,27,0,MID,0
3205,62,683,27,0,MID,0
3206,62,684,27,1,MID,90
3207,62,685,27,0,FWD,0
3208,62,686,27,1,FWD,90
3209,62,687,27,0,FWD,0
3210,62,688,27,0,GK,0
3211,62,689,27,1,DEF,90
3212,62,690,27,1,MID,90
3213,62,691,27,0,MID,0
3214,62,692,27,1,MID,90
3215,62,693,27,1,DEF,90
3216,62,694,27,1,FWD,90
3217,62,695,27,0,DEF,0
3218,62,696,27,0,FWD,0
3219,62,697,27,1,MID,90
3220,62,698,27,0,GK,0
3221,62,699,27,0,DEF,30
3222,62,700,27,0,FWD,0
3223,62,701,27,0,DEF,0
3224,62,702,27,0,MID,0
3225,63,807,32,1,GK,90
3226,63,808,32,1,DEF,90
3227,63,809,32,0,DEF,0
3228,63,810,32,1,DEF,90
3229,63,811,32,1,MID,90
3230,63,812,32,0,MID,0
3231,63,813,32,0,MID,0
3232,63,814,32,1,MID,90
3233,63,815,32,1,FWD,90
3234,63,816,32,0,MID,0
3235,63,817,32,0,FWD,0
3236,63,818,32,0,GK,0
3237,63,819,32,0,DEF,0
3238,63,820,32,0,MID,0
3239,63,821,32,0,MID,0
3240,63,822,32,1,DEF,90
3241,63,823,32,0,DEF,0
3242,63,824,32,1,FWD,90
3243,63,825,32,0,FWD,0
3244,63,826,32,1,MID,90
3245,63,827,32,0,FWD,0
3246,63,828,32,0,MID,0
3247,63,829,32,0,GK,0
3248,63,830,32,1,DEF,90
3249,63,831,32,0,MID,0
3250,63,832,32,1,MID,90
3251,63,729,29,0,GK,0
3252,63,730,29,0,DEF,0
3253,63,731,29,0,DEF,0
3254,63,732,29,1,DEF,90
3255,63,733,29,0,DEF,30
3256,63,734,29,0,MID,0
3257,63,735,29,0,FWD,0
3258,63,736,29,0,MID,0
3259,63,737,29,0,MID,0
3260,63,738,29,1,FWD,90
3261,63,739,29,0,FWD,0
3262,63,740,29,1,DEF,90
3263,63,741,29,0,GK,0
3264,63,742,29,0,DEF,0
3265,63,743,29,1,MID,90
3266,63,744,29,1,MID,90
3267,63,745,29,0,FWD,0
3268,63,746,29,1,MID,90
3269,63,747,29,1,FWD,90
3270,63,748,29,1,MID,90
3271,63,749,29,0,FWD,0
3272,63,750,29,1,DEF,90
3273,63,751,29,1,GK,90
3274,63,752,29,1,DEF,90
3275,63,753,29,0,FWD,0
3276,63,754,29,0,FWD,0
3277,64,755,30,1,GK,90
3278,64,756,30,0,DEF,0
3279,64,757,30,0,DEF,0
3280,64,758,30,0,DEF,0
3281,64,759,30,1,DEF,90
3282,64,760,30,1,MID,90
3283,64,761,30,0,MID,0
3284,64,762,30,0,MID,0
3285,64,763,30,1,FWD,90
3286,64,764,30,0,MID,0
3287,64,765,30,0,MID,0
3288,64,766,30,0,GK,0
3289,64,767,30,1,DEF,90
3290,64,768,30,1,MID,90
3291,64,769,30,0,MID,0
3292,64,770,30,0,MID,0
3293,64,771,30,0,MID,0
3294,64,772,30,1,MID,90
3295,64,773,30,1,FWD,90
3296,64,774,30,0,FWD,0
3297,64,775,30,0,MID,0
3298,64,776,30,1,DEF,90
3299,64,777,30,0,GK,0
3300,64,778,30,1,DEF,90
3301,64,779,30,0,DEF,0
3302,64,780,30,1,MID,90
3303,64,781,31,0,GK,0
3304,64,782,31,0,DEF,0
3305,64,783,31,0,DEF,0
3306,64,784,31,1,DEF,90
3307,64,785,31,1,DEF,90
3308,64,786,31,1,MID,90
3309,64,787,31,1,MID,90
3310,64,788,31,0,FWD,0
3311,64,789,31,1,FWD,90
3312,64,790,31,1,FWD,90
3313,64,791,31,0,FWD,0
3314,64,792,31,1,DEF,90
3315,64,793,31,0,DEF,0
3316,64,794,31,0,DEF,0
3317,64,795,31,0,MID,0
3318,64,796,31,1,MID,90
3319,64,797,31,0,FWD,0
3320,64,798,31,0,MID,0
3321,64,799,31,0,FWD,0
3322,64,800,31,0,FWD,0
3323,64,801,31,1,GK,90
3324,64,802,31,0,GK,0
3325,64,803,31,1,MID,90
3326,64,804,31,0,DEF,0
3327,64,805,31,0,DEF,0
3328,64,806,31,1,DEF,90
